"ID","Description","GeneRatio","BgRatio","RichFactor","FoldEnrichment","zScore","pvalue","p.adjust","qvalue","geneID","Count","cell_type"
"GO:0043542","endothelial cell migration","83/1899","231/17012",0.359307359307359,3.2188187448851,12.035689105592,1.94258516740428e-23,1.13369270369714e-19,9.066760665548e-20,"MMRN1/TEK/RHOJ/ADAMTS9/PECAM1/ROBO4/MMRN2/HDAC9/CDH5/MET/NOS3/TGFBR3/CLEC14A/SOX18/FLT4/ACVRL1/EPHB4/PTPRM/LOXL2/HSPA12B/PRCP/CARD10/SASH1/VEGFC/JCAD/PLXND1/FAP/NRP2/ROBO1/GAB1/KDR/PIK3C2A/NRP1/PLPP3/ID1/EHD4/CDH13/HDAC7/BCAR1/DAB2IP/PXN/RIN2/CYP1B1/STARD13/NOTCH1/SPRED1/MEF2C/CD40/FGFR1/DLL4/NR2F2/EDN1/AKT3/PTK2/KLF4/PIK3R3/EMP2/SP1/PRKD2/EFNB2/CTNND1/SP100/VASH1/FOXP1/PLK2/MAP2K5/ADAM17/ATP2B4/PTK2B/HIF1A/PLCG1/RAB13/NF1/ADGRA2/MYH9/STAT5A/HDAC5/ABL1/BCAS3/SCARB1/SYNJ2BP/RAC1/ITGB1",83,"ACKR1+ endothelial"
"GO:0031589","cell-substrate adhesion","108/1899","360/17012",0.3,2.68751974723539,11.4714674293253,8.20351968918849e-23,2.3937870453052e-19,1.91444243694009e-19,"VWF/TEK/ADAMTS9/VCAM1/POSTN/ITGB4/ITGA10/THSD1/PECAM1/LIMS2/FAM107A/ITGA9/CD34/ACVRL1/TNXB/LAMB1/HOXD3/ITGA6/ADAM15/BCR/FZD4/KDR/ACTN1/ITGA8/PPM1F/SERPINE1/TAOK2/NRP1/PLPP3/ITGA5/SNED1/ITGA2/SRGAP2/DLC1/DISC1/CDH13/LAMA5/PARVB/FERMT2/DAB2/PXN/RIN2/GAS6/NOTCH1/TRIOBP/LEF1/PEAK1/DOCK1/TBCD/CARMIL1/TIAM1/GBP1/PTK2/WDPCP/ATXN3/JAM3/ROCK2/MACF1/JAK2/PRKCE/NID1/EMP2/LAMC1/ARL2/CORO1C/PHLDB2/CRK/CTTN/FER/RREB1/SPRY4/LIMS1/ANXA2/DUSP22/CX3CL1/BCAM/MAP4K4/HSD17B12/LIMCH1/PTK2B/RASA1/CTNNB1/GSK3B/SLK/ANKRD28/NF1/MKLN1/MINK1/PPARD/CCN2/PTPRK/VAMP3/CLASP1/PARVA/UTRN/NEDD9/ABL1/TRPM7/ITGAV/SORBS1/S100A10/DAPK3/NTN4/RSU1/SMAD3/RAC1/CSF1/ITGB1",108,"ACKR1+ endothelial"
"GO:0043534","blood vessel endothelial cell migration","54/1899","121/17012",0.446280991735537,3.99796326035016,11.7312252578455,9.54872771959093e-21,1.85754583238442e-17,1.48558100732162e-17,"MMRN1/RHOJ/ROBO4/MMRN2/HDAC9/CDH5/NOS3/TGFBR3/CLEC14A/SOX18/ACVRL1/EPHB4/PRCP/CARD10/VEGFC/JCAD/ROBO1/GAB1/KDR/PIK3C2A/NRP1/ID1/EHD4/HDAC7/CYP1B1/STARD13/NOTCH1/SPRED1/MEF2C/CD40/FGFR1/DLL4/AKT3/KLF4/PIK3R3/EMP2/SP1/PRKD2/EFNB2/CTNND1/VASH1/PLK2/MAP2K5/ADAM17/ATP2B4/HIF1A/PLCG1/NF1/MYH9/STAT5A/HDAC5/ABL1/SCARB1/ITGB1",54,"ACKR1+ endothelial"
"GO:0002040","sprouting angiogenesis","58/1899","138/17012",0.420289855072464,3.76512428356648,11.5610489639593,1.31760534719881e-20,1.92238620156306e-17,1.53743739723145e-17,"MMRN1/APLNR/TEK/RHOJ/ADAMTS9/SEMA6A/MMRN2/HDAC9/TSPAN18/CDH5/RAMP2/TGFBR3/SMAD1/CLEC14A/FLT4/ACVRL1/ADGRG6/DLL1/EPHB4/LOXL2/CARD10/FLT1/VEGFC/JCAD/ROBO1/KDR/PIK3C2A/NRP1/ITGA5/EHD4/CDH13/HDAC7/TGM2/STARD13/NOTCH1/SPRED1/LEF1/TJP1/DLL4/AKT3/KLF4/PIK3R3/EFNB2/CTNND1/PLK2/MAP2K5/PTK2B/ADGRA2/KLF2/PARVA/HDAC5/ABL1/CEMIP2/EPN2/RNF213/SYNJ2BP/JAK1/ITGB1",58,"ACKR1+ endothelial"
"GO:0010594","regulation of endothelial cell migration","62/1899","170/17012",0.364705882352941,3.26718086918812,10.530909024112,3.28573512087947e-18,3.83511003309051e-15,3.06714726862727e-15,"MMRN1/TEK/RHOJ/ADAMTS9/ROBO4/MMRN2/HDAC9/MET/NOS3/TGFBR3/FLT4/ACVRL1/PTPRM/PRCP/CARD10/SASH1/VEGFC/JCAD/NRP2/GAB1/KDR/PIK3C2A/NRP1/PLPP3/HDAC7/BCAR1/DAB2IP/RIN2/STARD13/NOTCH1/SPRED1/MEF2C/CD40/FGFR1/DLL4/NR2F2/EDN1/AKT3/PTK2/KLF4/EMP2/SP1/PRKD2/SP100/VASH1/FOXP1/PLK2/MAP2K5/ADAM17/ATP2B4/PTK2B/HIF1A/PLCG1/NF1/ADGRA2/STAT5A/HDAC5/ABL1/BCAS3/SCARB1/SYNJ2BP/RAC1",62,"ACKR1+ endothelial"
"GO:0030098","lymphocyte differentiation","89/871","438/17012",0.203196347031963,3.96874426602499,14.621938643464,5.57187121604813e-30,2.71071534660742e-26,2.23285407573634e-26,"ITM2A/RORA/ST3GAL1/PTK2B/RELB/INPP5D/STAT5B/JAK1/CD8A/CD2/ZAP70/ICOS/THEMIS/CD3D/LCK/PTPN22/CD3E/CD3G/RASGRP1/LAG3/BCL11B/CD27/TNFSF9/ITK/IL2RG/CD28/TOX/IL7R/SASH3/JAK3/STAT4/RUNX3/IKZF3/FLT3LG/ITGA4/PTPRC/SPN/CAMK4/PIK3CD/IKZF1/RHOH/ADAM8/TCF7/GPR65/CD69/GATA3/CARD11/SOCS1/ZFP36L2/PTGER4/TGFB1/SMAD7/NCKAP1L/DOCK2/PREX1/CCR7/JMJD6/DOCK10/LAPTM5/CYLD/CMTM7/B2M/PIK3R1/GPR183/ANXA1/VSIR/TCIRG1/ITPKB/FOSL2/RARA/LFNG/ZBTB1/PRDM1/ATM/BCL2/PTPRJ/PTPN6/RBPJ/CDK6/ZC3H12A/SOD1/DNAJB9/GPS2/SP3/PTPN2/KLF6/IRF1/KMT2A/JUNB",89,"Activated CD8 T cells"
"GO:0050851","antigen receptor-mediated signaling pathway","59/871","209/17012",0.282296650717703,5.5136976142475,15.2517954281046,4.65165922425226e-28,1.13151610629936e-24,9.32045614038334e-25,"CBLB/PRKCH/UBR2/NFATC2/INPP5D/WNK1/CD8A/SH2D1A/ZAP70/THEMIS/CD3D/LCK/PTPN22/CD3E/TRBC1/LIME1/TRBC2/CD3G/SLA2/SKAP1/TRAT1/CD247/ITK/LAT/CD28/PTPRC/PIK3CD/FYB1/FYN/GATA3/CARD11/BTN3A1/CD53/BTN3A2/FCMR/HLA-A/NCKAP1L/PRKCB/LCP2/CCR7/CSK/PDE4B/LAPTM5/LPXN/CYLD/DGKZ/CMTM3/ELF1/FOSL2/RFTN1/EZR/BCL2/PTPRJ/PTPN6/ZC3H12A/GPS2/RPS3/PTPN2/PRNP",59,"Activated CD8 T cells"
"GO:0050852","T cell receptor signaling pathway","50/871","150/17012",0.333333333333333,6.51052430156908,15.7468173500411,1.14860544055571e-27,1.86265515610118e-24,1.53429505691074e-24,"CBLB/UBR2/INPP5D/WNK1/CD8A/SH2D1A/ZAP70/THEMIS/CD3D/LCK/PTPN22/CD3E/TRBC1/LIME1/TRBC2/CD3G/SLA2/SKAP1/TRAT1/CD247/ITK/LAT/CD28/PTPRC/PIK3CD/FYB1/FYN/GATA3/CARD11/BTN3A1/CD53/BTN3A2/HLA-A/LCP2/CCR7/CSK/PDE4B/LAPTM5/CYLD/DGKZ/ELF1/FOSL2/RFTN1/EZR/PTPRJ/PTPN6/ZC3H12A/RPS3/PTPN2/PRNP",50,"Activated CD8 T cells"
"GO:0007159","leukocyte cell-cell adhesion","83/871","420/17012",0.197619047619048,3.85981083593024,13.7854632269836,4.07247086716445e-27,4.95314269218876e-24,4.07997278718291e-24,"CBLB/MSN/HLA-E/CD55/STAT5B/WNK1/TIGIT/CCL5/ZAP70/ICOS/CD6/PRKCQ/LCK/KLRK1/PTPN22/CD3E/RASGRP1/LAG3/CD5/CD27/SKAP1/ITGAL/RASAL3/TNFSF9/SELPLG/IL2RG/CD28/IL7R/SASH3/JAK3/RUNX3/ITGB7/CORO1A/ITGA4/PTPRC/RAC2/SPN/PIK3CD/RHOH/ADAM8/GPR65/FYN/CD69/GATA3/CARD11/FERMT3/SOCS1/ITGB2/TGFB1/SMAD7/HLA-A/NCKAP1L/SEMA4D/STK10/CD37/CCR7/CSK/ETS1/RIPOR2/LAPTM5/DOCK8/CYLD/B2M/CD44/ANXA1/VSIR/ITPKB/PAG1/RARA/SELENOK/ZBTB1/EZR/NR4A3/NCK2/TNFRSF14/PTPN6/TNIP1/ZC3H12A/HSPH1/RPS3/PTPN2/IRF1/PRNP",83,"Activated CD8 T cells"
"GO:0030217","T cell differentiation","72/871","327/17012",0.220183486238532,4.30052981388049,13.9991998015104,1.25870351301014e-26,1.22471851815887e-23,1.00881774190097e-23,"RORA/RELB/STAT5B/JAK1/CD8A/CD2/ZAP70/ICOS/THEMIS/CD3D/LCK/PTPN22/CD3E/CD3G/RASGRP1/LAG3/BCL11B/CD27/TNFSF9/ITK/IL2RG/CD28/TOX/IL7R/SASH3/JAK3/STAT4/RUNX3/IKZF3/PTPRC/SPN/CAMK4/PIK3CD/RHOH/ADAM8/TCF7/GPR65/CD69/GATA3/CARD11/SOCS1/ZFP36L2/PTGER4/TGFB1/SMAD7/NCKAP1L/DOCK2/PREX1/CCR7/JMJD6/CYLD/B2M/PIK3R1/GPR183/ANXA1/VSIR/TCIRG1/ITPKB/FOSL2/RARA/LFNG/ZBTB1/PRDM1/BCL2/CDK6/ZC3H12A/SOD1/SP3/PTPN2/IRF1/KMT2A/JUNB",72,"Activated CD8 T cells"
"GO:0002237","response to molecule of bacterial origin","16/95","354/17012",0.0451977401129944,8.09372584002379,10.1071719008972,1.09538790353112e-10,1.49971545948556e-07,1.10150234587552e-07,"CCL2/CXCL2/IL1A/DIO2/IL1B/IRF8/PELI1/C5AR1/ABCA1/SOD2/CEBPB/NFKB1/CXCL8/NFKBIA/NR4A1/FOS",16,"Activated fibroblast/stromal"
"GO:0030198","extracellular matrix organization","15/95","316/17012",0.0474683544303797,8.50033311125916,10.0851630885432,2.24717538329186e-10,1.49971545948556e-07,1.10150234587552e-07,"ELN/TIMP3/MMP2/COMP/ABI3BP/LUM/MFAP4/AEBP1/TGFBI/COL14A1/COL3A1/COL1A2/CTSS/COL1A1/CST3",15,"Activated fibroblast/stromal"
"GO:0043062","extracellular structure organization","15/95","317/17012",0.0473186119873817,8.47351818030882,10.065296322015,2.34826675805252e-10,1.49971545948556e-07,1.10150234587552e-07,"ELN/TIMP3/MMP2/COMP/ABI3BP/LUM/MFAP4/AEBP1/TGFBI/COL14A1/COL3A1/COL1A2/CTSS/COL1A1/CST3",15,"Activated fibroblast/stromal"
"GO:0045229","external encapsulating structure organization","15/95","318/17012",0.0471698113207547,8.44687189672294,10.0455169025616,2.45352222410726e-10,1.49971545948556e-07,1.10150234587552e-07,"ELN/TIMP3/MMP2/COMP/ABI3BP/LUM/MFAP4/AEBP1/TGFBI/COL14A1/COL3A1/COL1A2/CTSS/COL1A1/CST3",15,"Activated fibroblast/stromal"
"GO:0032496","response to lipopolysaccharide","14/95","333/17012",0.042042042042042,7.52862336020231,9.01620499381693,4.52101593558019e-09,2.21077679249871e-06,1.62375856549469e-06,"CCL2/IL1A/DIO2/IL1B/IRF8/PELI1/ABCA1/SOD2/CEBPB/NFKB1/CXCL8/NFKBIA/NR4A1/FOS",14,"Activated fibroblast/stromal"
"GO:0002504","antigen processing and presentation of peptide or polysaccharide antigen via MHC class II","15/119","33/17012",0.454545454545455,64.9809014514897,30.8770842264247,1.76046947946713e-24,4.74270477768445e-21,3.39492640671977e-21,"HLA-DRB5/CD74/HLA-DRB1/HLA-DMA/IFI30/FCER1G/FCGR2B/HLA-DQA1/HLA-DRA/LGMN/HLA-DPA1/HLA-DQB1/HLA-DPB1/THBS1/CTSD",15,"Activated macrophage/myeloid"
"GO:0019886","antigen processing and presentation of exogenous peptide antigen via MHC class II","14/119","29/17012",0.482758620689655,69.0141987829615,30.7663794830296,2.16736656350493e-23,2.91944276104114e-20,2.08979765491633e-20,"HLA-DRB5/CD74/HLA-DRB1/HLA-DMA/IFI30/FCER1G/FCGR2B/HLA-DQA1/HLA-DRA/LGMN/HLA-DPA1/HLA-DQB1/HLA-DPB1/CTSD",14,"Activated macrophage/myeloid"
"GO:0002495","antigen processing and presentation of peptide antigen via MHC class II","14/119","31/17012",0.451612903225806,64.561669829222,29.7289469428531,7.32524070882632e-23,6.57806615652604e-20,4.70871613283151e-20,"HLA-DRB5/CD74/HLA-DRB1/HLA-DMA/IFI30/FCER1G/FCGR2B/HLA-DQA1/HLA-DRA/LGMN/HLA-DPA1/HLA-DQB1/HLA-DPB1/CTSD",14,"Activated macrophage/myeloid"
"GO:0002478","antigen processing and presentation of exogenous peptide antigen","14/119","39/17012",0.358974358974359,51.3182503770739,26.4036241262484,3.97838747276272e-21,2.67944396290569e-18,1.91800153950034e-18,"HLA-DRB5/CD74/HLA-DRB1/HLA-DMA/IFI30/FCER1G/FCGR2B/HLA-DQA1/HLA-DRA/LGMN/HLA-DPA1/HLA-DQB1/HLA-DPB1/CTSD",14,"Activated macrophage/myeloid"
"GO:0019884","antigen processing and presentation of exogenous antigen","14/119","48/17012",0.291666666666667,41.6960784313726,23.6970377487414,1.20751554720824e-19,6.50609376835802e-17,4.65719680523264e-17,"HLA-DRB5/CD74/HLA-DRB1/HLA-DMA/IFI30/FCER1G/FCGR2B/HLA-DQA1/HLA-DRA/LGMN/HLA-DPA1/HLA-DQB1/HLA-DPB1/CTSD",14,"Activated macrophage/myeloid"
"GO:0002181","cytoplasmic translation","69/369","202/17012",0.341584158415842,15.7480479755293,31.3970372672674,2.46497539519983e-64,8.67917836649859e-61,7.40530502936875e-61,"RPS27/RPS29/RPL28/RPS15A/RPS26/FAU/RPS3/RPL21/RPS25/RPLP2/RPS12/RPL13/RPS21/RPL27A/RPS19/RPS20/RPL39/RPL18A/RPSA/EIF3F/RPLP1/RPL34/RPS27A/RPL10/RPL23A/RPS14/RPS23/RPS8/RPS11/RPL11/RPS3A/RPL32/RPS5/RPL9/RPS16/RPL37/RPL18/RPS13/RPL13A/RPL19/RPS18/RPL22/RPL30/RPL17/RPL5/RPS6/RPS2/RPS28/RPL8/RPL27/RPS9/RPL35A/RPL4/RPS7/SH3BGRL/RPL38/RPL3/RPL10A/RPL26/UBA52/RPL12/EIF3L/RPL29/RPL14/RPL15/RPL35/RACK1/RPL6/RPS15",69,"B cells"
"GO:0042113","B cell activation","43/369","287/17012",0.149825783972125,6.90741527624335,15.0285709388403,6.68227686126769e-24,1.17641484142618e-20,1.00374832431884e-20,"HDAC9/SWAP70/MEF2C/CD40/PLCG2/CD74/INPP5D/TBC1D10C/CD27/SASH3/IKZF3/SAMSN1/CARD11/PRKCB/LAPTM5/CMTM7/GPR183/ATM/BCL2/PTPN6/IRF8/FCGR2B/CD19/CD79A/FCRL1/MS4A1/TNFRSF13C/TNFRSF13B/PAX5/SPIB/POU2AF1/CXCR5/BANK1/IGHM/CD79B/CD70/BTK/SYK/LAT2/LYN/BLNK/CCR6/TFRC",43,"B cells"
"GO:0050851","antigen receptor-mediated signaling pathway","36/369","209/17012",0.172248803827751,7.94118333527833,15.0340345362886,2.92886999087008e-22,3.43751707928452e-19,2.93298068559411e-19,"MEF2C/PLCG2/HLA-DRB1/INPP5D/CARD11/CD53/FCMR/PRKCB/CCR7/PDE4B/LAPTM5/LPXN/ELF1/EZR/BCL2/PTPN6/RPS3/FCGR2B/HLA-DQB1/HLA-DPB1/CD19/CD79A/MS4A1/BLK/BANK1/IGHM/CD79B/BTK/SYK/LAT2/LYN/BLNK/NFKBID/STAP1/IGHA1/GRB2",36,"B cells"
"GO:0050853","B cell receptor signaling pathway","23/369","75/17012",0.306666666666667,14.1382475158085,16.9790006961438,1.16622747745714e-20,1.02657173703165e-17,8.75898215963861e-18,"MEF2C/PLCG2/FCMR/PRKCB/LPXN/BCL2/PTPN6/FCGR2B/CD19/CD79A/MS4A1/BLK/BANK1/IGHM/CD79B/BTK/SYK/LAT2/LYN/BLNK/STAP1/IGHA1/GRB2",23,"B cells"
"GO:0002696","positive regulation of leukocyte activation","44/369","371/17012",0.118598382749326,5.46773899005836,12.9552958934645,2.68351531827301e-20,1.88973148712785e-17,1.61236899333709e-17,"MEF2C/CD40/HLA-DRB5/MAP3K8/CD74/HLA-DRB1/HLA-DMA/INPP5D/CD55/CD27/TNFSF9/SASH3/CORO1A/RHOH/IL16/CARD11/CCR7/DOCK8/GPR183/RARA/JUND/BCL2/PTPN6/RPS3/CD83/HLA-DQA1/HLA-DRA/HLA-DPA1/HLA-DQB1/HLA-DPB1/TNFRSF13C/HLA-DOB/CD70/BTK/SYK/LYN/NFKBID/STAP1/HLA-DMB/TFRC/GRB2/SMARCB1/CD24/RPL13A",44,"B cells"
"GO:0002064","epithelial cell development","47/1144","221/17012",0.212669683257919,3.16253203809765,8.68834874561763,1.10112751355995e-12,5.96040323090001e-09,5.00143707474862e-09,"MET/MAGI1/ID1/MYO1E/TJP1/TNFRSF1A/TJP2/ROCK2/CLOCK/FLNB/AMOTL2/RAB13/AFDN/PDE4D/YAP1/EZR/CLDN1/EPHA2/KLF5/WNT5B/SFN/TJP3/SOX9/CLDN3/F11R/MARVELD2/EXPH5/RAB25/PALLD/ST14/GSTM3/RARG/SPINT2/TFAP2C/EPB41L5/VCL/PTPRS/FAT1/XBP1/GRHL2/B4GALT1/VEZF1/SIPA1L3/FEM1B/HOXA13/IFT74/NOTCH2",47,"Basal epithelial"
"GO:0045216","cell-cell junction organization","46/1144","224/17012",0.205357142857143,3.05378996003996,8.30801733411728,7.00747082013623e-12,1.89657197746987e-08,1.59143350467831e-08,"MPDZ/TJP1/PLEKHA7/TJP2/ROCK2/FLOT1/CTNNA1/RAB13/PKN2/ADAM10/AFDN/SMAD3/CLDN4/CLDN1/EPHA2/CDH3/OCLN/TJP3/PERP/PARD6B/CXADR/CLDN3/F11R/CLDN7/MARVELD2/GRHL1/DSG2/JUP/TGFB2/IRX3/DSP/PATJ/CDH1/CD9/LSR/MARVELD3/PARD3/VCL/MICALL2/PKP3/SRF/GRHL2/ACTG1/DLG5/PRKCI/DLG1",46,"Basal epithelial"
"GO:0007015","actin filament organization","71/1144","452/17012",0.157079646017699,2.33587319759886,7.72896118438269,1.47600572090514e-11,2.66320632241984e-08,2.2347244511248e-08,"MET/PDLIM1/SVIL/PRKN/MYO1E/TRIOBP/MYO5C/TJP1/ASAP3/CNN3/CDC42EP4/ROCK2/NCKAP1/EMP2/CTTN/MICAL3/LIMA1/CX3CL1/LIMCH1/MARCKS/CCN2/NEDD9/ARFIP1/SMAD3/EZR/BCL2/TACSTD2/RHOV/RND3/SDC4/NEBL/F11R/CDC42EP1/SSH3/SHROOM1/KANK1/MYO5B/ENAH/ANG/SHROOM3/CFL2/CDC42EP5/RAB40B/FAT1/MICALL2/ARHGEF5/RHPN2/CD47/MYO6/ARHGAP12/SRF/ACTG1/RHOB/MSRB2/TPM4/PAWR/PPP1R9A/PRKCD/ITGB5/MYO1B/PYCARD/COBL/PRKCI/BAIAP2L1/PICK1/SHTN1/ADD3/ARHGAP6/TPM1/DLG1/RNH1",71,"Basal epithelial"
"GO:0008544","epidermis development","64/1144","393/17012",0.162849872773537,2.42168010106941,7.65618739180792,3.19212740117683e-11,4.31974640564254e-08,3.62474466738895e-08,"MET/EMP1/FZD6/TRIOBP/KLF4/LATS2/ROCK2/FLNB/SAV1/HES1/NF1/CCN2/AGPAT2/YAP1/PLAAT4/BCL2/KRT7/CLDN4/KRT17/KRT15/LAMB3/FGFR2/CLDN1/EPHA2/CDH3/CRABP2/PPL/OVOL1/SULT2B1/SFN/CNFN/AQP3/LAMC2/SPINT1/SOX9/EGFR/OVOL2/EXPH5/GRHL1/IRF6/PALLD/TGFB2/ST14/ERRFI1/DSP/LGR4/MAFF/ZFP36L1/SLC44A4/ALDH3A2/TFAP2C/LSR/ESRP1/PKP3/KCNQ1/ADAM9/MYO6/SRF/ASAH1/GRHL2/ERCC3/IFT74/ATP2A2/KRT10",64,"Basal epithelial"
"GO:0001885","endothelial cell development","21/1144","66/17012",0.318181818181818,4.7315638906548,8.15541540538397,9.66363362217568e-10,1.04618497593674e-06,8.77864822730275e-07,"MET/MAGI1/ID1/TJP1/TNFRSF1A/TJP2/ROCK2/AMOTL2/AFDN/PDE4D/EZR/CLDN1/TJP3/CLDN3/F11R/MARVELD2/GSTM3/VCL/PTPRS/VEZF1/HOXA13",21,"Basal epithelial"
"GO:0007018","microtubule-based movement","55/455","439/17012",0.125284738041002,4.6842724473704,12.9647226180463,6.46099138699215e-22,2.77758019726793e-18,2.36948357813481e-18,"APP/RPGR/RFX3/TRAK1/BICD1/BAG3/BICDL2/DNALI1/CCDC146/HSPB1/EFHC1/LRRC23/IFT22/ROPN1L/ZMYND10/CFAP77/DNAI1/CFAP126/CFAP52/CFAP73/SPAG17/LRRC46/CFAP45/RIBC2/ARMC3/CFAP61/CFAP47/HYDIN/CFAP43/DNAH11/SPAG6/CCDC40/DNAH7/IQUB/PLTP/DNAH6/PACRG/SPEF2/DPCD/DNAL4/AGBL4/SPAG16/CFAP298/TUBB4B/KIF9/KIF27/DYNC2LI1/RAB17/IFT27/BBOF1/ARL3/SYBU/DNAH5/DYNLL1/STAU1",55,"Ciliated epithelial"
"GO:0003341","cilium movement","38/455","225/17012",0.168888888888889,6.31458852258852,13.3031398102516,6.50870765743636e-20,1.39904671096595e-16,1.19349144623728e-16,"RFX3/DNALI1/CCDC146/EFHC1/LRRC23/ROPN1L/ZMYND10/CFAP77/DNAI1/CFAP126/CFAP52/CFAP73/SPAG17/LRRC46/CFAP45/RIBC2/ARMC3/CFAP61/CFAP47/HYDIN/CFAP43/DNAH11/SPAG6/CCDC40/DNAH7/IQUB/PLTP/DNAH6/PACRG/SPEF2/DPCD/SPAG16/CFAP298/TUBB4B/KIF9/KIF27/BBOF1/DNAH5",38,"Ciliated epithelial"
"GO:0001539","cilium or flagellum-dependent cell motility","32/455","189/17012",0.169312169312169,6.33041455898599,12.2157451103822,5.57422077144787e-17,5.99089377411359e-14,5.11068030729589e-14,"RFX3/DNALI1/CCDC146/EFHC1/LRRC23/ROPN1L/CFAP77/DNAI1/CFAP126/CFAP52/LRRC46/CFAP45/RIBC2/ARMC3/CFAP61/CFAP47/CFAP43/DNAH11/SPAG6/CCDC40/DNAH7/IQUB/PLTP/DNAH6/PACRG/SPEF2/DPCD/SPAG16/TUBB4B/KIF9/BBOF1/DNAH5",32,"Ciliated epithelial"
"GO:0060285","cilium-dependent cell motility","32/455","189/17012",0.169312169312169,6.33041455898599,12.2157451103822,5.57422077144787e-17,5.99089377411359e-14,5.11068030729589e-14,"RFX3/DNALI1/CCDC146/EFHC1/LRRC23/ROPN1L/CFAP77/DNAI1/CFAP126/CFAP52/LRRC46/CFAP45/RIBC2/ARMC3/CFAP61/CFAP47/CFAP43/DNAH11/SPAG6/CCDC40/DNAH7/IQUB/PLTP/DNAH6/PACRG/SPEF2/DPCD/SPAG16/TUBB4B/KIF9/BBOF1/DNAH5",32,"Ciliated epithelial"
"GO:0060271","cilium assembly","44/455","371/17012",0.118598382749326,4.43427623589349,11.0869545051986,8.62759963066325e-17,7.41801016244426e-14,6.32811728699595e-14,"RFX2/RPGR/RFX3/DNMBP/CDC14A/DNALI1/CCDC146/SPAG1/LRRC23/TCTN1/IFT22/ZMYND10/DNAI1/CCNO/CFAP73/SPAG17/LRRC46/FOXJ1/MAPK15/CFAP61/CFAP47/HYDIN/RSPH1/CFAP43/SPAG6/TMEM231/CCDC40/DNAH7/IQUB/SPEF2/B9D1/SPAG16/TMEM67/CFAP298/CBY1/KIF27/DYNC2LI1/RAB17/IFT27/CEP83/BBOF1/ARL3/DNAH5/DYNLL1",44,"Ciliated epithelial"
"GO:0006119","oxidative phosphorylation","12/70","139/17012",0.0863309352517986,20.9808838643371,15.2039889751148,3.88314136040158e-13,5.160243883459e-10,4.44909124462117e-10,"MT-ATP6/MT-ND4/MT-ND1/MT-ND5/MT-CO1/MT-ATP8/MT-ND4L/MT-ND6/MT-ND3/MT-CYB/MT-CO2/MT-CO3",12,"Ciliated/secretory epithelial"
"GO:0022904","respiratory electron transport chain","11/70","108/17012",0.101851851851852,24.7529100529101,15.9171593270768,6.35106939502646e-13,5.160243883459e-10,4.44909124462117e-10,"MT-ND4/MT-ND1/SOD2/MT-ND5/MT-CO1/MT-ND4L/MT-ND6/MT-ND3/MT-CYB/MT-CO2/MT-CO3",11,"Ciliated/secretory epithelial"
"GO:0022900","electron transport chain","11/70","118/17012",0.0932203389830508,22.655205811138,15.1729028793693,1.70608140953477e-12,9.01975925306123e-10,7.77671226936e-10,"MT-ND4/MT-ND1/SOD2/MT-ND5/MT-CO1/MT-ND4L/MT-ND6/MT-ND3/MT-CYB/MT-CO2/MT-CO3",11,"Ciliated/secretory epithelial"
"GO:0019646","aerobic electron transport chain","10/70","87/17012",0.114942528735632,27.9343185550082,16.1894793992304,2.22024843152276e-12,9.01975925306123e-10,7.77671226936e-10,"MT-ND4/MT-ND1/MT-ND5/MT-CO1/MT-ND4L/MT-ND6/MT-ND3/MT-CYB/MT-CO2/MT-CO3",10,"Ciliated/secretory epithelial"
"GO:0042773","ATP synthesis coupled electron transport","10/70","94/17012",0.106382978723404,25.854103343465,15.5317045230355,4.90568168095557e-12,1.32862212192547e-09,1.14551970479857e-09,"MT-ND4/MT-ND1/MT-ND5/MT-CO1/MT-ND4L/MT-ND6/MT-ND3/MT-CYB/MT-CO2/MT-CO3",10,"Ciliated/secretory epithelial"
"GO:0019886","antigen processing and presentation of exogenous peptide antigen via MHC class II","8/96","29/17012",0.275862068965517,48.8850574712644,19.4421150027025,2.97415897153774e-12,4.47014427227328e-09,3.51575839797023e-09,"CD74/HLA-DRB1/IFI30/FCER1G/HLA-DQA1/HLA-DRA/HLA-DPA1/HLA-DPB1",8,"Cycling/proliferating epithelial"
"GO:0048002","antigen processing and presentation of peptide antigen","10/96","67/17012",0.149253731343284,26.4490049751244,15.7231342265171,3.85447084938037e-12,4.47014427227328e-09,3.51575839797023e-09,"CD74/HLA-DRB1/IFI30/FCER1G/HLA-DQA1/HLA-DRA/HLA-DPA1/HLA-DPB1/AZGP1/CALR",10,"Cycling/proliferating epithelial"
"GO:0002495","antigen processing and presentation of peptide antigen via MHC class II","8/96","31/17012",0.258064516129032,45.7311827956989,18.7785172992937,5.416168342819e-12,4.47014427227328e-09,3.51575839797023e-09,"CD74/HLA-DRB1/IFI30/FCER1G/HLA-DQA1/HLA-DRA/HLA-DPA1/HLA-DPB1",8,"Cycling/proliferating epithelial"
"GO:0002504","antigen processing and presentation of peptide or polysaccharide antigen via MHC class II","8/96","33/17012",0.242424242424242,42.959595959596,18.1753973407342,9.44496635798946e-12,5.84643417559548e-09,4.59820730586329e-09,"CD74/HLA-DRB1/IFI30/FCER1G/HLA-DQA1/HLA-DRA/HLA-DPA1/HLA-DPB1",8,"Cycling/proliferating epithelial"
"GO:0002478","antigen processing and presentation of exogenous peptide antigen","8/96","39/17012",0.205128205128205,36.3504273504273,16.649429883635,4.07109086079723e-11,2.01600419426679e-08,1.5855827563105e-08,"CD74/HLA-DRB1/IFI30/FCER1G/HLA-DQA1/HLA-DRA/HLA-DPA1/HLA-DPB1",8,"Cycling/proliferating epithelial"
"GO:0043542","endothelial cell migration","94/2021","231/17012",0.406926406926407,3.42534984395449,13.6271250218324,3.71899728760137e-29,2.18267950809324e-25,1.7052581247149e-25,"TEK/RHOJ/ADAMTS9/PECAM1/ROBO4/MMRN2/CDH5/MET/NOS3/TGFBR3/CLEC14A/SOX18/FLT4/ACVRL1/EPHB4/PTPRM/LOXL2/HSPA12B/PRCP/CARD10/SASH1/VEGFC/JCAD/PLXND1/FAP/NRP2/ROBO1/GAB1/KDR/PIK3C2A/NRP1/PLPP3/ID1/EHD4/CDH13/HDAC7/BCAR1/DAB2IP/PXN/RIN2/STARD13/NOTCH1/SPRED1/MEF2C/CD40/FGFR1/DLL4/EDN1/AKT3/PTK2/PIK3R3/EMP2/SP1/PRKD2/EFNB2/CTNND1/VASH1/PLK2/MAP2K5/ADAM17/ATP2B4/PLCG1/RAB13/NF1/ADGRA2/MYH9/HDAC5/ABL1/BCAS3/SCARB1/SYNJ2BP/RAC1/ITGB1/RGCC/ETS1/TMSB4X/SPARC/FN1/THBS1/JUP/EFNA1/PTP4A3/GRN/STC1/ANGPT2/FGF2/PDGFB/ATOH8/PPARG/CCN3/PIK3CA/FSTL1/RRAS/PRKD1",94,"Endothelial"
"GO:0031589","cell-substrate adhesion","117/2021","360/17012",0.325,2.73572488866898,12.2217027585384,1.25354147637096e-25,3.67851746241059e-22,2.87390877424838e-22,"VWF/TEK/ADAMTS9/ITGB4/PECAM1/LIMS2/FAM107A/ITGA9/CD34/ACVRL1/TNXB/LAMB1/HOXD3/ITGA6/ADAM15/BCR/FZD4/KDR/ITGA8/PPM1F/SERPINE1/TAOK2/NRP1/PLPP3/ITGA5/SNED1/ITGA2/SRGAP2/DLC1/DISC1/CDH13/LAMA5/PARVB/FERMT2/DAB2/PXN/RIN2/GAS6/NOTCH1/TRIOBP/LEF1/PEAK1/DOCK1/TBCD/PTK2/WDPCP/ATXN3/JAM3/ROCK2/MACF1/JAK2/PRKCE/NID1/EMP2/LAMC1/ARL2/CORO1C/PHLDB2/CRK/CTTN/FER/RREB1/SPRY4/LIMS1/DUSP22/CX3CL1/BCAM/MAP4K4/HSD17B12/LIMCH1/RASA1/CTNNB1/GSK3B/SLK/NF1/MINK1/CCN2/PTPRK/VAMP3/CLASP1/PARVA/UTRN/NEDD9/ABL1/DAPK3/NTN4/RSU1/RAC1/ITGB1/PREX1/FN1/THBS1/JUP/EFEMP2/EFNA1/ITGB5/ACTN4/ANGPT2/SMAD6/PDGFB/ITGA1/EDIL3/MERTK/MMP14/JAG1/PKD1/GCNT2/CLASP2/THY1/ARHGEF7/RRAS/RCC2/DAG1/PTPRA/SORBS3/PPFIA1/WASHC2C",117,"Endothelial"
"GO:0043534","blood vessel endothelial cell migration","59/2021","121/17012",0.487603305785124,4.10445692133425,12.5829774685786,1.25732340176923e-23,2.45974368166121e-20,1.92171955723045e-20,"RHOJ/ROBO4/MMRN2/CDH5/NOS3/TGFBR3/CLEC14A/SOX18/ACVRL1/EPHB4/PRCP/CARD10/VEGFC/JCAD/ROBO1/GAB1/KDR/PIK3C2A/NRP1/ID1/EHD4/HDAC7/STARD13/NOTCH1/SPRED1/MEF2C/CD40/FGFR1/DLL4/AKT3/PIK3R3/EMP2/SP1/PRKD2/EFNB2/CTNND1/VASH1/PLK2/MAP2K5/ADAM17/ATP2B4/PLCG1/NF1/MYH9/HDAC5/ABL1/SCARB1/ITGB1/RGCC/ETS1/TMSB4X/THBS1/JUP/EFNA1/ANGPT2/FGF2/PDGFB/PPARG/PRKD1",59,"Endothelial"
"GO:0045446","endothelial cell differentiation","56/2021","113/17012",0.495575221238938,4.1715614367723,12.4198006294632,6.16810812389043e-23,8.85143072920963e-20,6.91534149212852e-20,"PDE2A/TIE1/RAPGEF3/PECAM1/ROBO4/CDH5/MET/HEG1/BMPR2/SOX18/SOX17/ACVRL1/DLL1/ICAM1/FZD4/KDR/PLCB1/NRP1/MAGI1/ID1/CLDN5/RDX/ZEB1/NOTCH4/NOTCH1/TJP1/TNFRSF1A/S1PR1/IKBKB/TJP2/APOLD1/ROCK2/CLIC4/PLOD3/MSN/AMOTL2/CTNNB1/ZDHHC21/AFDN/RAPGEF2/COL18A1/PDE4D/ADD1/RAPGEF1/LIPA/PPP1R16B/RAP1A/F11R/STC1/EDNRB/HEY1/BMP6/ATOH8/HEY2/JAG1/FSTL1",56,"Endothelial"
"GO:0007015","actin filament organization","130/2021","452/17012",0.287610619469027,2.42099547669821,11.2425421281097,7.54083381258275e-23,8.85143072920963e-20,6.91534149212852e-20,"RHOJ/ARHGEF15/SHANK3/SHROOM4/FAM171A1/RAPGEF3/KANK3/MET/FAM107A/SSH1/RND1/PDLIM1/ESAM/SYNPO/FSCN1/SHROOM2/PPM1F/NRP1/DPYSL3/SVIL/SWAP70/DLC1/TNFAIP1/FCHSD2/BCAR1/SPTBN1/FERMT2/RDX/HIP1/PXN/ELMO1/PLS3/PRKN/MYO1E/GSN/TRIOBP/LUZP1/MYO5C/ARHGEF10/TJP1/PHACTR1/ARRB1/PPP1R9B/MTSS1/S1PR1/INF2/CNN3/CCDC88A/CDC42EP4/DBN1/GAS2L1/ROCK2/NCKAP1/JAK2/PLEC/PRKCE/EMP2/TMOD3/DIAPH2/CORO1C/PHLDB2/SPTAN1/ARHGEF2/PLEKHG2/CTTN/FER/MYO1C/MICAL3/LIMA1/CX3CL1/LIMCH1/ALMS1/CYFIP1/RASA1/GBA2/CCN2/TMSB10/CLASP1/RICTOR/TTC17/WASF2/SPIRE1/NEDD9/RUFY3/ABL1/ARFIP1/MYO1D/RAC1/WASHC4/ADD1/TAGLN2/RGCC/PREX1/TMSB4X/MYL9/F11R/CDC42EP1/SHROOM1/CDC42EP5/MYO6/ARHGAP12/ITGB5/MYO1B/DLG1/RFLNB/CXCL12/SCIN/AIF1L/HIP1R/RHOBTB1/TMOD2/RHOC/FHOD1/ARHGAP18/KIRREL1/KANK2/PIK3CA/CLASP2/EPS8/SPECC1L/ABI2/ARHGAP35/CALD1/NCK1/CAPZA2/SORBS3/LATS1/PPFIA1/ARFGEF1/WASHC2C",130,"Endothelial"
"GO:0030198","extracellular matrix organization","104/1498","316/17012",0.329113924050633,3.73757414949891,15.2637818313404,3.47302840298388e-34,1.19568382834693e-30,9.64378240485485e-31,"FLRT2/ENG/TGFBR3/TNXB/FOXC1/LAMB1/FAP/APBB2/VWA1/MATN2/COL4A1/COL4A2/CYP1B1/HMCN1/GAS6/PLOD2/LAMB2/CAV1/TNFRSF1A/APP/ELN/EXT1/CAV2/LARGE1/TIMP3/PXDN/NID1/LAMC1/SERPINH1/FKBP10/QSOX1/PHLDB2/PLOD3/ANXA2/NF1/NPHP3/CLASP1/ABL1/MMP2/ITGB1/COMP/ABI3BP/LUM/MFAP4/AEBP1/TGFBI/COL14A1/COL3A1/COL1A2/COL1A1/CST3/THSD4/CCN1/TGFB2/EFEMP2/ADAMTSL2/SULF1/BMP1/PLOD1/PHLDB1/MMP14/SFRP2/PDGFRA/FBLN1/CCDC80/LAMA2/ADAMTS2/PRICKLE1/COL4A4/CTSK/LTBP4/EMILIN1/COL5A1/MMP23B/FBLN5/LRP1/ADAMTS12/GPM6B/LOXL1/COL6A1/ECM2/COL5A2/LOX/NDNF/COL12A1/NID2/ADAMTSL3/SH3PXD2B/DDR2/FMOD/PRDM5/FOXF1/OLFML2B/CRISPLD2/ANTXR1/RECK/SMOC2/CRTAP/P3H4/TGFBR1/ANTXR2/RIC1/PRDX4/P4HA1",104,"Fibroblast/stromal"
"GO:0043062","extracellular structure organization","104/1498","317/17012",0.32807570977918,3.72578369476863,15.2225266888031,4.74229772465994e-34,1.19568382834693e-30,9.64378240485485e-31,"FLRT2/ENG/TGFBR3/TNXB/FOXC1/LAMB1/FAP/APBB2/VWA1/MATN2/COL4A1/COL4A2/CYP1B1/HMCN1/GAS6/PLOD2/LAMB2/CAV1/TNFRSF1A/APP/ELN/EXT1/CAV2/LARGE1/TIMP3/PXDN/NID1/LAMC1/SERPINH1/FKBP10/QSOX1/PHLDB2/PLOD3/ANXA2/NF1/NPHP3/CLASP1/ABL1/MMP2/ITGB1/COMP/ABI3BP/LUM/MFAP4/AEBP1/TGFBI/COL14A1/COL3A1/COL1A2/COL1A1/CST3/THSD4/CCN1/TGFB2/EFEMP2/ADAMTSL2/SULF1/BMP1/PLOD1/PHLDB1/MMP14/SFRP2/PDGFRA/FBLN1/CCDC80/LAMA2/ADAMTS2/PRICKLE1/COL4A4/CTSK/LTBP4/EMILIN1/COL5A1/MMP23B/FBLN5/LRP1/ADAMTS12/GPM6B/LOXL1/COL6A1/ECM2/COL5A2/LOX/NDNF/COL12A1/NID2/ADAMTSL3/SH3PXD2B/DDR2/FMOD/PRDM5/FOXF1/OLFML2B/CRISPLD2/ANTXR1/RECK/SMOC2/CRTAP/P3H4/TGFBR1/ANTXR2/RIC1/PRDX4/P4HA1",104,"Fibroblast/stromal"
"GO:0045229","external encapsulating structure organization","104/1498","318/17012",0.327044025157233,3.71406739384168,15.1814382830185,6.46548573367121e-34,1.19568382834693e-30,9.64378240485485e-31,"FLRT2/ENG/TGFBR3/TNXB/FOXC1/LAMB1/FAP/APBB2/VWA1/MATN2/COL4A1/COL4A2/CYP1B1/HMCN1/GAS6/PLOD2/LAMB2/CAV1/TNFRSF1A/APP/ELN/EXT1/CAV2/LARGE1/TIMP3/PXDN/NID1/LAMC1/SERPINH1/FKBP10/QSOX1/PHLDB2/PLOD3/ANXA2/NF1/NPHP3/CLASP1/ABL1/MMP2/ITGB1/COMP/ABI3BP/LUM/MFAP4/AEBP1/TGFBI/COL14A1/COL3A1/COL1A2/COL1A1/CST3/THSD4/CCN1/TGFB2/EFEMP2/ADAMTSL2/SULF1/BMP1/PLOD1/PHLDB1/MMP14/SFRP2/PDGFRA/FBLN1/CCDC80/LAMA2/ADAMTS2/PRICKLE1/COL4A4/CTSK/LTBP4/EMILIN1/COL5A1/MMP23B/FBLN5/LRP1/ADAMTS12/GPM6B/LOXL1/COL6A1/ECM2/COL5A2/LOX/NDNF/COL12A1/NID2/ADAMTSL3/SH3PXD2B/DDR2/FMOD/PRDM5/FOXF1/OLFML2B/CRISPLD2/ANTXR1/RECK/SMOC2/CRTAP/P3H4/TGFBR1/ANTXR2/RIC1/PRDX4/P4HA1",104,"Fibroblast/stromal"
"GO:0030199","collagen fibril organization","39/1498","70/17012",0.557142857142857,6.32717909593744,13.8778731785826,2.10435891449848e-23,2.91874581440939e-20,2.35411309092975e-20,"TNXB/FOXC1/CYP1B1/PLOD2/EXT1/PXDN/SERPINH1/FKBP10/PLOD3/ANXA2/NF1/COMP/LUM/AEBP1/COL14A1/COL3A1/COL1A2/COL1A1/TGFB2/EFEMP2/BMP1/PLOD1/SFRP2/ADAMTS2/EMILIN1/COL5A1/ADAMTS12/LOXL1/COL6A1/COL5A2/LOX/COL12A1/DDR2/FMOD/CRTAP/P3H4/TGFBR1/ANTXR2/P4HA1",39,"Fibroblast/stromal"
"GO:0031589","cell-substrate adhesion","91/1498","360/17012",0.252777777777778,2.87066458982347,11.1473826756554,7.10648373318404e-21,7.885354350341e-18,6.35992891574007e-18,"TNXB/LAMB1/FZD4/ACTN1/SERPINE1/PLPP3/SNED1/DLC1/FERMT2/DAB2/RIN2/GAS6/TRIOBP/LEF1/PEAK1/DOCK1/CARMIL1/TIAM1/WDPCP/JAM3/JAK2/PRKCE/NID1/EMP2/LAMC1/ARL2/CORO1C/PHLDB2/CTTN/FER/ANXA2/NF1/CCN2/VAMP3/CLASP1/PARVA/ABL1/SORBS1/DAPK3/ITGB1/FLNA/COL8A1/ABI3BP/ITGBL1/FBLN2/COL3A1/COL1A1/FN1/THBS1/EFNA5/ITGB8/TNFRSF12A/TRIP6/CCN1/EFEMP2/DOCK5/VCL/CD63/ITGB5/ITGA1/EDIL3/MMP14/PKD1/THY1/RRAS/SORBS3/SFRP1/FBLN1/APOD/COL16A1/CCDC80/ITGA11/CDH11/SVEP1/EPHA3/EMILIN1/FBLN5/ADAMTS12/GPM6B/ECM2/NDNF/NID2/FOXF1/ANTXR1/SGCE/AXL/ANGPT1/EPDR1/PTEN/ITGB1BP1/ILK",91,"Fibroblast/stromal"
"GO:0002768","immune response-regulating cell surface receptor signaling pathway","79/811","366/17012",0.215846994535519,4.52773005060204,15.2645983192643,1.23456975599386e-30,6.24815753508492e-27,4.34048735265209e-27,"TLR4/LY96/MEF2C/CD40/PLSCR1/HLA-DRB1/INPP5D/LIPA/RABGEF1/FYB1/CD53/NCKAP1L/LCP2/PDE4B/LAPTM5/LPXN/CYBA/CMTM3/NR4A3/TRAF3/PTPRJ/PTPN6/PRNP/PIK3AP1/PELI1/C5AR1/FCER1G/TYROBP/NFKB1/NFKBIA/FCGR2B/FCGR2A/HLA-DQB1/C3/HLA-DPB1/LGALS3/SQSTM1/BTK/SYK/LAT2/LYN/BLNK/NFKBID/GRB2/CD81/NFKBIZ/TREM2/LILRB2/MNDA/CD14/TLR2/HCK/FCGR1A/LILRB4/FPR3/FPR1/CLEC7A/CD33/SCIMP/FCGR3A/LILRB1/C3AR1/TLR1/THEMIS2/IRAK2/ITGAM/FGR/KLHL6/NINJ1/CD300A/PAK1/OAS1/RIPK2/MALT1/BLVRA/DUSP3/MYD88/VAV1/PSEN1",79,"Macrophages"
"GO:0071216","cellular response to biotic stimulus","63/811","255/17012",0.247058823529412,5.18244723290056,15.055904946953,4.61726696527347e-28,1.16839940556245e-24,8.11666929684914e-25,"IRAK3/TLR4/LY96/MEF2C/CD40/SIRPA/JAK2/PPARD/AHR/CARD16/TNFRSF1B/PDE4B/GBP2/PTPN6/IL1B/IRF8/ABCA1/CEBPB/NFKB1/CXCL8/NFKBIA/FCGR2B/CD68/LY86/BTK/SYK/LYN/GSTP1/PYCARD/NFKBIZ/AXL/TREM2/LILRB2/CD14/TLR2/HCK/CD86/KMO/SPI1/MRC1/CLEC7A/NLRP3/SCIMP/LILRB1/IL18/TLR1/PTAFR/IRAK2/CX3CR1/IRF5/HAVCR2/TNF/CASP1/LITAF/PPP1R15B/EIF2AK3/RIPK2/MALT1/MYD88/MAP2K3/TSPO/NFKBIB/RHOA",63,"Macrophages"
"GO:0002429","immune response-activating cell surface receptor signaling pathway","72/811","336/17012",0.214285714285714,4.49497974282191,14.4768074056485,9.0482858150324e-28,1.52644581699597e-24,1.06039560077924e-24,"TLR4/LY96/MEF2C/PLSCR1/HLA-DRB1/INPP5D/LIPA/RABGEF1/FYB1/CD53/NCKAP1L/LCP2/PDE4B/LAPTM5/LPXN/CYBA/CMTM3/NR4A3/TRAF3/PTPRJ/PTPN6/PRNP/PIK3AP1/PELI1/C5AR1/FCER1G/TYROBP/NFKB1/NFKBIA/FCGR2B/HLA-DQB1/C3/HLA-DPB1/LGALS3/SQSTM1/BTK/SYK/LAT2/LYN/BLNK/NFKBID/GRB2/CD81/NFKBIZ/TREM2/MNDA/CD14/TLR2/HCK/LILRB4/FPR3/FPR1/CLEC7A/SCIMP/C3AR1/TLR1/THEMIS2/IRAK2/ITGAM/FGR/KLHL6/NINJ1/CD300A/PAK1/OAS1/RIPK2/MALT1/BLVRA/DUSP3/MYD88/VAV1/PSEN1",72,"Macrophages"
"GO:0002237","response to molecule of bacterial origin","73/811","354/17012",0.206214689265537,4.32567730429755,14.1473385736492,4.86822779749464e-27,6.15952522078009e-24,4.27891601148213e-24,"IRAK3/TLR4/LY96/MEF2C/CD40/SIRPA/LGALS9/JAK2/ADAM17/PPARD/AHR/CXCL2/RAC1/CARD16/IL10RA/TNFRSF1B/PDE4B/GBP2/PTPN6/AKIRIN2/IL1B/IRF8/PELI1/C5AR1/ABCA1/SOD2/CEBPB/NFKB1/CXCL8/NFKBIA/FCGR2B/ACP5/CD68/LY86/BTK/LYN/GSTP1/PYCARD/NFKBIZ/AXL/TREM2/LILRB2/CD14/TLR2/HCK/CD86/KMO/SPI1/MRC1/NLRP3/SCIMP/LILRB1/IL18/TLR1/PTAFR/IRAK2/CX3CR1/IRF5/HAVCR2/TNF/CASP1/LITAF/CARD9/RIPK2/MAPKAPK3/MALT1/BLVRA/MYD88/MAP2K3/TSPO/GPX4/NFKBIB/RHOA",73,"Macrophages"
"GO:0071219","cellular response to molecule of bacterial origin","58/811","228/17012",0.254385964912281,5.33614554264824,14.7478250599297,1.26632761401855e-26,1.28177681090958e-23,8.90428259120415e-24,"IRAK3/TLR4/LY96/MEF2C/CD40/SIRPA/JAK2/PPARD/AHR/CARD16/TNFRSF1B/PDE4B/GBP2/PTPN6/IL1B/IRF8/ABCA1/CEBPB/NFKB1/CXCL8/NFKBIA/FCGR2B/CD68/LY86/LYN/GSTP1/PYCARD/NFKBIZ/AXL/TREM2/LILRB2/CD14/TLR2/HCK/CD86/KMO/SPI1/MRC1/NLRP3/SCIMP/LILRB1/IL18/TLR1/PTAFR/IRAK2/CX3CR1/IRF5/HAVCR2/TNF/CASP1/LITAF/RIPK2/MALT1/MYD88/MAP2K3/TSPO/NFKBIB/RHOA",58,"Macrophages"
"GO:0002275","myeloid cell activation involved in immune response","32/773","99/17012",0.323232323232323,7.11362002953206,13.3100824087184,3.13944253338934e-19,1.03063091791624e-15,8.36216173512424e-16,"PLCG2/PRKCE/FER/IL4R/RABGEF1/LAT/RAC2/DOCK2/NR4A3/PTPN6/FCER1G/TYROBP/BTK/SYK/LAT2/LYN/PYCARD/GATA2/SPI1/ADGRE2/ITGAM/HAVCR2/CD300A/CD84/STXBP2/SLC18A2/KIT/RAB44/CLNK/ENPP3/FCER1A/UNC13D",32,"Mast cells"
"GO:0045576","mast cell activation","27/773","68/17012",0.397058823529412,8.73837607488015,13.9499080615388,4.19211274320212e-19,1.03063091791624e-15,8.36216173512424e-16,"FER/IL4R/RABGEF1/LAT/RAC2/RHOH/LCP2/NR4A3/PTPN6/FCER1G/BTK/SYK/LAT2/LYN/GATA2/ADGRE2/CD300A/CD84/STXBP2/SLC18A2/KIT/CRLF2/RAB44/CLNK/ENPP3/FCER1A/UNC13D",27,"Mast cells"
"GO:0002366","leukocyte activation involved in immune response","56/773","320/17012",0.175,3.85135834411384,11.2343417266691,1.94754726547433e-18,3.19202996811243e-15,2.58989618812201e-15,"ICAM1/SWAP70/PLCG2/PRKCE/FER/FOXP1/RELB/IL4R/RABGEF1/LAT/RAC2/GPR65/CD69/SMAD7/NCKAP1L/DOCK2/DOCK10/ANXA1/RARA/LFNG/NR4A3/PTPN6/FCER1G/TYROBP/LGALS1/BTK/SYK/LAT2/LYN/NFKBID/BCL3/PYCARD/GATA2/NFKBIZ/TP53BP1/SPI1/IL18/ADGRE2/ITGAM/HAVCR2/CD300A/IL6R/CD84/STXBP2/SEMA4A/SLC18A2/KIT/IL18R1/RAB44/CLNK/ENPP3/FCER1A/UNC13D/ERCC1/DOCK11/SUPT6H",56,"Mast cells"
"GO:0002279","mast cell activation involved in immune response","24/773","55/17012",0.436363636363636,9.60338703986828,13.942842575844,2.76957740059848e-18,3.40450301968568e-15,2.76228903901796e-15,"FER/IL4R/RABGEF1/LAT/RAC2/NR4A3/PTPN6/FCER1G/BTK/SYK/LAT2/LYN/GATA2/ADGRE2/CD300A/CD84/STXBP2/SLC18A2/KIT/RAB44/CLNK/ENPP3/FCER1A/UNC13D",24,"Mast cells"
"GO:0002263","cell activation involved in immune response","56/773","324/17012",0.172839506172839,3.80381071023589,11.1171656860619,3.51788228582727e-18,3.45948543988253e-15,2.80689976069165e-15,"ICAM1/SWAP70/PLCG2/PRKCE/FER/FOXP1/RELB/IL4R/RABGEF1/LAT/RAC2/GPR65/CD69/SMAD7/NCKAP1L/DOCK2/DOCK10/ANXA1/RARA/LFNG/NR4A3/PTPN6/FCER1G/TYROBP/LGALS1/BTK/SYK/LAT2/LYN/NFKBID/BCL3/PYCARD/GATA2/NFKBIZ/TP53BP1/SPI1/IL18/ADGRE2/ITGAM/HAVCR2/CD300A/IL6R/CD84/STXBP2/SEMA4A/SLC18A2/KIT/IL18R1/RAB44/CLNK/ENPP3/FCER1A/UNC13D/ERCC1/DOCK11/SUPT6H",56,"Mast cells"
"GO:0002504","antigen processing and presentation of peptide or polysaccharide antigen via MHC class II","15/110","33/17012",0.454545454545455,70.297520661157,32.1448074453064,5.0458262864848e-25,1.41838176913088e-21,9.66674088568666e-22,"HLA-DRB5/CD74/HLA-DRB1/HLA-DMA/IFI30/CTSS/FCGR2B/HLA-DQA1/HLA-DRA/LGMN/HLA-DPA1/HLA-DQB1/HLA-DPB1/THBS1/CTSD",15,"Mast cells - myeloid-associated"
"GO:0019886","antigen processing and presentation of exogenous peptide antigen via MHC class II","14/110","29/17012",0.482758620689655,74.660815047022,32.0273149291445,6.78405059554286e-24,9.53498311203549e-21,6.49840635994105e-21,"HLA-DRB5/CD74/HLA-DRB1/HLA-DMA/IFI30/CTSS/FCGR2B/HLA-DQA1/HLA-DRA/LGMN/HLA-DPA1/HLA-DQB1/HLA-DPB1/CTSD",14,"Mast cells - myeloid-associated"
"GO:0002495","antigen processing and presentation of peptide antigen via MHC class II","14/110","31/17012",0.451612903225806,69.8439882697947,30.9497720016952,2.29514570556026e-23,2.15055152610996e-20,1.46567199442795e-20,"HLA-DRB5/CD74/HLA-DRB1/HLA-DMA/IFI30/CTSS/FCGR2B/HLA-DQA1/HLA-DRA/LGMN/HLA-DPA1/HLA-DQB1/HLA-DPB1/CTSD",14,"Mast cells - myeloid-associated"
"GO:0002478","antigen processing and presentation of exogenous peptide antigen","14/110","39/17012",0.358974358974359,55.5170163170163,27.4964921971696,1.2514747414278e-21,8.79473874538389e-19,5.99390534052264e-19,"HLA-DRB5/CD74/HLA-DRB1/HLA-DMA/IFI30/CTSS/FCGR2B/HLA-DQA1/HLA-DRA/LGMN/HLA-DPA1/HLA-DQB1/HLA-DPB1/CTSD",14,"Mast cells - myeloid-associated"
"GO:0019882","antigen processing and presentation","18/110","114/17012",0.157894736842105,24.4191387559809,20.2394128196934,2.2099956454795e-20,1.24245955188858e-17,8.46777278899515e-18,"HLA-DRB5/CD74/HLA-DRB1/HLA-DMA/IFI30/CTSS/FCGR2B/HLA-DQA1/HLA-DRA/CD68/LGMN/HLA-DPA1/HLA-DQB1/HLA-DPB1/THBS1/CTSD/CTSH/FGL2",18,"Mast cells - myeloid-associated"
"GO:0019646","aerobic electron transport chain","10/65","87/17012",0.114942528735632,30.0831122900088,16.842686058143,1.02279662164574e-12,1.09810565261683e-09,9.2074838226291e-10,"MT-ND2/MT-ND4/MT-ND1/MT-ND5/MT-CO1/MT-ND4L/MT-ND3/MT-CYB/MT-CO2/MT-CO3",10,"Mixed mast-epithelial / doublet-like"
"GO:0042773","ATP synthesis coupled electron transport","10/65","94/17012",0.106382978723404,27.8428805237316,16.1619485813124,2.26413536622027e-12,1.09810565261683e-09,9.2074838226291e-10,"MT-ND2/MT-ND4/MT-ND1/MT-ND5/MT-CO1/MT-ND4L/MT-ND3/MT-CYB/MT-CO2/MT-CO3",10,"Mixed mast-epithelial / doublet-like"
"GO:0042775","mitochondrial ATP synthesis coupled electron transport","10/65","94/17012",0.106382978723404,27.8428805237316,16.1619485813124,2.26413536622027e-12,1.09810565261683e-09,9.2074838226291e-10,"MT-ND2/MT-ND4/MT-ND1/MT-ND5/MT-CO1/MT-ND4L/MT-ND3/MT-CYB/MT-CO2/MT-CO3",10,"Mixed mast-epithelial / doublet-like"
"GO:1902600","proton transmembrane transport","12/65","184/17012",0.0652173913043478,17.0688963210702,13.5723138658146,4.36927769719745e-12,1.29786782822991e-09,1.08824656387663e-09,"MT-ND2/MT-ND4/MT-ND1/MT-ND5/MT-CO1/MT-ATP8/MT-ND4L/MT-ND3/MT-CYB/MT-CO2/MT-CO3/SLC18A2",12,"Mixed mast-epithelial / doublet-like"
"GO:0006119","oxidative phosphorylation","11/65","139/17012",0.079136690647482,20.7118981737687,14.4515649735544,4.46002690113373e-12,1.29786782822991e-09,1.08824656387663e-09,"MT-ND2/MT-ND4/MT-ND1/MT-ND5/MT-CO1/MT-ATP8/MT-ND4L/MT-ND3/MT-CYB/MT-CO2/MT-CO3",11,"Mixed mast-epithelial / doublet-like"
"GO:0007159","leukocyte cell-cell adhesion","48/298","420/17012",0.114285714285714,6.52425695110259,15.3067152073806,1.63307633632366e-25,5.34342577245101e-22,4.28037902889043e-22,"MSN/HLA-E/CD55/CCL5/ZAP70/ICOS/CD6/LCK/PTPN22/CD3E/RASGRP1/CD5/SKAP1/ITGAL/RASAL3/SELPLG/IL2RG/CD28/IL7R/RUNX3/CORO1A/ITGA4/PTPRC/RAC2/SPN/RHOH/FYN/CD69/SOCS1/ITGB2/TGFB1/SMAD7/HLA-A/SEMA4D/STK10/CD37/CCR7/ETS1/RIPOR2/LAPTM5/DOCK8/B2M/CD44/ANXA1/SELENOK/EZR/RPS3/SELL",48,"Naive/memory T cells"
"GO:0002181","cytoplasmic translation","32/298","202/17012",0.158415841584158,9.04352448667685,15.3557513693689,1.39292048615756e-21,2.27881791535377e-18,1.82545895291175e-18,"RPS27/RPS29/RPL28/RPS15A/RPS26/FAU/RPS3/RPL36AL/RPL21/RPS25/RPLP2/RPS12/RPL13/RPS21/RPS19/RPS20/RPL39/RPSA/RPL34/RPS27A/RPL10/RPS14/RPS23/RPL11/RPS3A/RPL32/RPS16/RPL37/RPS13/RPL19/RPL30/RPL38",32,"Naive/memory T cells"
"GO:0050863","regulation of T cell activation","41/298","395/17012",0.10379746835443,5.92551185115963,13.2253283018141,2.76770831178959e-20,3.01864719872518e-17,2.41810305135301e-17,"HLA-E/CD55/CCL5/CD2/ZAP70/ICOS/CD6/LCK/PTPN22/CD3E/RASGRP1/CD5/RASAL3/LAT/IL2RG/CD28/IL7R/RUNX3/CORO1A/PTPRC/RAC2/SPN/CAMK4/RHOH/TCF7/FYN/CD69/TNFRSF1B/SOCS1/TGFB1/SMAD7/HLA-A/CD37/CCR7/RIPOR2/LAPTM5/DOCK8/B2M/ANXA1/SELENOK/RPS3",41,"Naive/memory T cells"
"GO:1903037","regulation of leukocyte cell-cell adhesion","40/298","383/17012",0.10443864229765,5.96211470727391,13.1149299484058,6.65733085606158e-20,4.74489448053946e-17,3.8009224219995e-17,"HLA-E/CD55/CCL5/ZAP70/ICOS/CD6/LCK/PTPN22/CD3E/RASGRP1/CD5/SKAP1/RASAL3/IL2RG/CD28/IL7R/RUNX3/CORO1A/ITGA4/PTPRC/SPN/RHOH/FYN/CD69/SOCS1/ITGB2/TGFB1/SMAD7/HLA-A/CD37/CCR7/ETS1/RIPOR2/LAPTM5/DOCK8/B2M/CD44/ANXA1/SELENOK/RPS3",40,"Naive/memory T cells"
"GO:0050852","T cell receptor signaling pathway","27/298","150/17012",0.18,10.2757046979866,15.235996225954,7.25075562429624e-20,4.74489448053946e-17,3.8009224219995e-17,"ZAP70/THEMIS/CD3D/LCK/PTPN22/CD3E/TRBC1/LIME1/TRBC2/CD3G/SKAP1/TRAT1/CD247/ITK/LAT/CD28/PTPRC/FYB1/FYN/CD53/HLA-A/CCR7/PDE4B/LAPTM5/ELF1/EZR/RPS3",27,"Naive/memory T cells"
"GO:0016079","synaptic vesicle exocytosis","31/2084","104/17012",0.298076923076923,2.43324597667208,5.47777573390435,1.44750695682373e-06,0.00816180529578138,0.00766818470027173,"CPLX1/STXBP1/CADPS2/PCLO/PFN2/RIMS2/SYT1/NLGN1/STXBP5/PREPL/CADPS/BRAF/CPLX2/UNC13A/SNAP25/SYT4/CACNA1B/ERC2/SYP/UNC13B/STX1A/RAB3A/DNAJC5/PPP3CA/SEPTIN5/SYT7/SCRIB/OSBPL2/PPFIA3/P2RY1/DVL1",31,"Neuroendocrine"
"GO:0070507","regulation of microtubule cytoskeleton organization","42/2084","166/17012",0.253012048192771,2.06537474273293,5.15372224341772,2.8567746922581e-06,0.00816180529578138,0.00766818470027173,"HDGFL3/DIXDC1/CAMSAP2/APC/GBA2/GSK3B/TTBK2/CLASP1/TOGARAM1/NME7/BICD1/PPP2CB/CDK2AP2/OCLN/CHMP4C/TRIM36/GNAI1/FGF13/PKD1/CLASP2/ARHGEF7/MAP1S/STMN3/MAPRE3/MAP9/PAK1/STMN1/MAPT/SLAIN1/MAP2/RCC1/KIF21A/AKAP9/CAMSAP3/CKAP5/TRAF3IP1/CHMP6/CAMSAP1/PRUNE1/MARK2/DRG1/ATAT1",42,"Neuroendocrine"
"GO:0021915","neural tube development","41/2084","165/17012",0.248484848484848,2.02841854243006,4.95979297309179,6.0504565664824e-06,0.0115241029402935,0.010827132803179,"FZD6/MTHFD1L/PKD2/NCKAP1/STK3/PLOD3/MARCKS/HES1/NF1/TSC2/TTBK2/MIB1/SEC24B/SSBP3/PRKACB/SPINT1/OVOL2/ST14/SPINT2/PTK7/ZNF358/GRHL2/COBL/TCTN1/CBY1/PKD1/CC2D2A/TULP3/TWIST1/FZD3/CITED2/TBC1D32/SCRIB/TRAF3IP1/TSC1/WDR19/FKBP8/C2CD3/TMED2/DVL1/KAT5",41,"Neuroendocrine"
"GO:0031113","regulation of microtubule polymerization","22/2084","67/17012",0.328358208955224,2.68043658864984,5.14934168177253,8.54623586897639e-06,0.0122082979388328,0.011469948139942,"CAMSAP2/GBA2/CLASP1/TOGARAM1/NME7/PPP2CB/OCLN/CLASP2/ARHGEF7/MAPRE3/PAK1/STMN1/MAPT/SLAIN1/MAP2/KIF21A/AKAP9/CAMSAP3/CKAP5/CAMSAP1/PRUNE1/DRG1",22,"Neuroendocrine"
"GO:0032252","secretory granule localization","12/2084","25/17012",0.48,3.91831094049904,5.4557717238963,1.23307547981805e-05,0.0140915865833607,0.013239336730678,"STXBP1/CADPS2/SYBU/USO1/CADPS/UNC13A/SNAP25/SYT4/KIF1A/UNC13B/RAB3A/MAP2",12,"Neuroendocrine"
"GO:0022604","regulation of cell morphogenesis","83/2920","243/17012",0.34156378600823,1.9899599751959,7.07517556976774,8.70836636791601e-11,2.71065010882262e-07,2.35991028008879e-07,"FAM171A1/FGD6/FZD4/PRKN/PTK2/WDPCP/CDC42EP4/DBN1/MACF1/STAU2/SH3D19/MYO9A/SMURF1/RREB1/MYO10/PTK2B/CYFIP1/BRWD3/MKLN1/FGD4/RHOU/ZMYM4/BRWD1/SLC23A2/CFDP1/CUX1/DIAPH1/NEDD4L/MYH14/CLDN3/F11R/GRIP1/KANK1/SHROOM3/OBSL1/PLXNB2/MAP3K13/DLG1/PLXNB1/RIMS2/CAPRIN1/SYT1/VEGFA/ARHGAP35/PRKDC/MYH10/GNA12/PDZD8/RAB21/PTPRD/WASF3/BAMBI/ARMCX5-GPRASP2/SS18L1/RAC3/BAIAP2/CAMSAP1/FBXW8/HPN/SRC/MARK2/SYT17/P2RY1/DVL1/NTNG1/IL1RAPL1/CUX2/SLC26A5/CAMK2B/WNT5A/CDKL3/COCH/CDKL5/LIMD1/ZMPSTE24/CUL7/ZMYM3/LARP4/NF2/CAPRIN2/ARPIN/HDAC6/DVL2",83,"Neuronal-associated prostate epithelial"
"GO:0051056","regulation of small GTPase mediated signal transduction","99/2920","309/17012",0.320388349514563,1.86659130203485,6.9978778201951,9.00548208911168e-11,2.71065010882262e-07,2.35991028008879e-07,"PKP4/RALGAPA2/NRP1/MCF2L/ARHGEF3/DAB2IP/STARD13/TRIO/ARHGEF10/ARRB1/TIAM1/VAV2/ARHGAP29/CHN1/DENND1A/MYO9A/ITSN1/SPRY4/NF1/TSC2/ARFGEF2/ARHGAP21/ARHGEF12/FGD4/RHOU/DENND4C/ABL1/ITGAV/RALGAPB/CYTH2/MAPKAP1/FAM13A/OGT/F11R/EPS8L2/ERBB2/KANK1/EPS8L1/ITGA3/SRGAP3/ARHGAP5/KITLG/ARHGEF5/PSD3/ARHGAP8/ARHGAP12/RTN4/SIPA1L3/CCDC125/NOTCH2/CSNK1A1/ARHGAP6/AUTS2/ARHGAP39/PLXNB1/SIPA1L2/CYTH3/ARHGAP35/ARFGEF1/SLIT2/FLCN/CGNL1/DOCK7/NUP62/FBP1/ALS2/RAP1GAP2/SPATA13/RAP1GAP/ARHGAP32/ARFGEF3/F2RL1/ARHGEF11/TIAM2/RHOD/SRC/CD2AP/SCAI/RALGPS1/OPHN1/GARNL3/ARHGEF16/WNT5A/WNT4/CDKL5/PIK3CB/BCL6/CADM4/ARHGEF10L/ARHGAP44/MAP2K1/RAF1/PSD4/LZTR1/IQSEC2/ARFGAP1/RABL3/SGSM3/ARHGEF9",99,"Neuronal-associated prostate epithelial"
"GO:0016126","sterol biosynthetic process","33/2920","68/17012",0.485294117647059,2.82733682514101,6.87282240961157,2.42309496256905e-09,2.9535742525668e-06,2.5714016792324e-06,"QKI/FDPS/ERLIN2/LPCAT3/SQLE/SEC14L2/PRKAA1/INSIG1/HMGCS1/TM7SF2/PRKAG2/AKT1/MSMO1/MBTPS2/MVK/HMGCR/SCAP/LSS/CYP51A1/SREBF1/DHCR24/SREBF2/PRKAA2/ACLY/EBP/DHCR7/HMGCS2/HSD17B7/PLPP6/NSDHL/MVD/ARV1/ERG28",33,"Neuronal-associated prostate epithelial"
"GO:0006695","cholesterol biosynthetic process","31/2920","62/17012",0.5,2.91301369863014,6.86908837942154,2.92033374435493e-09,2.9535742525668e-06,2.5714016792324e-06,"QKI/FDPS/ERLIN2/LPCAT3/SQLE/SEC14L2/PRKAA1/INSIG1/HMGCS1/TM7SF2/AKT1/MSMO1/MBTPS2/MVK/HMGCR/SCAP/LSS/CYP51A1/SREBF1/DHCR24/SREBF2/PRKAA2/ACLY/EBP/DHCR7/HMGCS2/HSD17B7/PLPP6/NSDHL/MVD/ARV1",31,"Neuronal-associated prostate epithelial"
"GO:1902653","secondary alcohol biosynthetic process","31/2920","62/17012",0.5,2.91301369863014,6.86908837942154,2.92033374435493e-09,2.9535742525668e-06,2.5714016792324e-06,"QKI/FDPS/ERLIN2/LPCAT3/SQLE/SEC14L2/PRKAA1/INSIG1/HMGCS1/TM7SF2/AKT1/MSMO1/MBTPS2/MVK/HMGCR/SCAP/LSS/CYP51A1/SREBF1/DHCR24/SREBF2/PRKAA2/ACLY/EBP/DHCR7/HMGCS2/HSD17B7/PLPP6/NSDHL/MVD/ARV1",31,"Neuronal-associated prostate epithelial"
"GO:0031589","cell-substrate adhesion","73/903","360/17012",0.202777777777778,3.82021656207703,12.8048653112476,1.05088966114483e-23,5.13885044299823e-20,4.15709825956029e-20,"ACTN1/PLPP3/DLC1/LAMA5/FERMT2/GAS6/PEAK1/PTK2/JAM3/ROCK2/NID1/EMP2/LAMC1/ARL2/CORO1C/PHLDB2/CTTN/FER/LIMS1/BCAM/CCN2/PTPRK/VAMP3/PARVA/UTRN/ITGAV/SORBS1/DAPK3/NTN4/RSU1/ITGB1/MYADM/ZYX/FLNA/COL3A1/COL1A1/FN1/THBS1/TNFRSF12A/TRIP6/CCN1/EFEMP2/VCL/SRF/CD63/ITGB5/ACTN4/ANGPT2/ITGA1/EDIL3/JAG1/THY1/ARHGEF7/RRAS/SORBS3/CCDC80/CDH11/EPHA3/EMILIN1/ECM2/ANTXR1/SGCE/AXL/ANGPT1/PTEN/ITGB1BP1/ILK/TLN1/RHOA/ITGA7/ATP1B2/EGFLAM/ROCK1",73,"Pericyte/smooth muscle"
"GO:0007015","actin filament organization","76/903","452/17012",0.168141592920354,3.16769078489597,11.0588734733753,1.6822022324092e-19,4.11298445824049e-16,3.32721894178619e-16,"PDLIM1/ESAM/ACTN1/SVIL/DLC1/FCHSD2/BCAR1/SPTBN1/FERMT2/HIP1/PLS3/GSN/TJP1/INF2/CNN3/CCDC88A/CDC42EP4/ROCK2/NCKAP1/EMP2/CORO1C/PHLDB2/CTTN/FER/MYO1C/CYFIP1/CCN2/RUFY3/SORBS1/MYO1D/TAGLN2/NCK2/MYADM/ZYX/ZEB2/FLNA/MYL9/CDC42EP1/ENAH/CFL2/FAT1/SRF/RHOB/MSRB2/TPM4/PAWR/ITGB5/MYO1B/TPM1/DSTN/ALDOA/PDLIM3/RHOC/KIRREL1/KANK2/EPS8/ABI2/CALD1/SORBS3/DAAM2/SEMA5A/MICAL2/TPM2/SYNPO2/LMOD1/RHOQ/ITGB1BP1/WASL/ARPC5/VASP/RHOA/CNN1/CAP2/ARPC1A/ROCK1/WDR1",76,"Pericyte/smooth muscle"
"GO:0003012","muscle system process","76/903","456/17012",0.166666666666667,3.13990402362495,10.9666381642121,2.859978471715e-19,4.66176490889545e-16,3.77115757779122e-16,"APBB2/MYOF/GSN/CACNA1C/CAV1/TNFRSF1A/SLC8A1/LARGE1/ROCK2/CTTN/ATP2B4/CACNA2D1/UTRN/DAPK3/SORBS2/LMNA/ANXA6/RCSD1/FLNA/COL14A1/ACTA2/MYL9/CRYAB/ARHGAP42/SRF/TPM4/SMAD5/FBXO32/ATP2A2/TPM1/GNAI1/ALDOA/SULF1/SNTB1/SMTN/HEY2/SYNM/CALD1/MYL6/IGFBP5/SLMAP/COL6A1/FXYD1/EDNRA/PDGFRB/DMD/VEGFB/MYLK/TPM2/LMOD1/TBX2/PRKG1/MYL6B/PPP1R12B/C12orf57/RHOA/DTNA/TMEM38B/CACNB2/HDAC2/AGT/CACNA1H/GUCY1A1/GAMT/PLN/MYOCD/MYH11/CNN1/GJC1/KCNE4/ABCC9/ATP1A2/ADRA2A/DMPK/ROCK1/CAMK2G",76,"Pericyte/smooth muscle"
"GO:0006936","muscle contraction","63/903","360/17012",0.175,3.2968992248062,10.4288038027446,3.23051046570921e-17,3.94929904432951e-14,3.19480482371979e-14,"APBB2/MYOF/GSN/CACNA1C/CAV1/SLC8A1/LARGE1/ROCK2/CTTN/ATP2B4/CACNA2D1/UTRN/DAPK3/ANXA6/RCSD1/FLNA/ACTA2/MYL9/CRYAB/ARHGAP42/SRF/TPM4/SMAD5/ATP2A2/TPM1/ALDOA/SULF1/SNTB1/SMTN/SYNM/CALD1/MYL6/SLMAP/FXYD1/EDNRA/DMD/VEGFB/MYLK/TPM2/LMOD1/TBX2/PRKG1/MYL6B/PPP1R12B/C12orf57/RHOA/DTNA/TMEM38B/CACNB2/CACNA1H/GUCY1A1/GAMT/PLN/MYOCD/MYH11/CNN1/GJC1/KCNE4/ABCC9/ATP1A2/ADRA2A/DMPK/ROCK1",63,"Pericyte/smooth muscle"
"GO:0007160","cell-matrix adhesion","49/903","240/17012",0.204166666666667,3.84638242894057,10.5143141889998,2.10482040521113e-16,2.05851435629649e-13,1.66524528058599e-13,"ACTN1/PLPP3/DLC1/FERMT2/PEAK1/PTK2/JAM3/ROCK2/NID1/EMP2/CORO1C/PHLDB2/CTTN/LIMS1/BCAM/CCN2/PTPRK/UTRN/ITGAV/SORBS1/DAPK3/ITGB1/ZYX/COL3A1/FN1/THBS1/TRIP6/EFEMP2/VCL/SRF/CD63/ITGB5/ITGA1/JAG1/THY1/ARHGEF7/RRAS/CDH11/EPHA3/EMILIN1/ECM2/SGCE/PTEN/ITGB1BP1/ILK/TLN1/RHOA/ITGA7/ROCK1",49,"Pericyte/smooth muscle"
"GO:0050853","B cell receptor signaling pathway","22/255","75/17012",0.293333333333333,19.5693594771242,19.8813645742659,7.53249223632846e-23,2.32226735646007e-19,2.09641152345815e-19,"PLCG2/LIME1/FCGR2B/CD19/CD79A/IGHM/CD79B/BTK/BLNK/STAP1/IGHA1/KLHL6/CD38/IGHG3/IGHG1/IGHA2/IGLC1/IGLC3/IGKC/IGHG4/IGHG2/SH2B2",22,"Plasma cells"
"GO:0050851","antigen receptor-mediated signaling pathway","26/255","209/17012",0.124401913875598,8.29931513275167,13.0978110463817,9.48874407117932e-17,1.46268989857229e-13,1.32043364864201e-13,"PLCG2/DUSP22/LIME1/PDE4B/FCGR2B/CD19/CD79A/IGHM/CD79B/BTK/BLNK/STAP1/IGHA1/THEMIS2/KLHL6/LAX1/CD38/IGHG3/IGHG1/IGHA2/IGLC1/IGLC3/IGKC/IGHG4/IGHG2/SH2B2",26,"Plasma cells"
"GO:0034976","response to endoplasmic reticulum stress","29/255","283/17012",0.102473498233216,6.83638883115083,12.2134771028696,2.90912227517311e-16,2.9896079914529e-13,2.69884887563429e-13,"MAN1A1/ERN1/DNAJB9/FCGR2B/HERPUD1/PTPN1/XBP1/DERL3/SEL1L/HSP90B1/UBE2J1/CREB3L2/ERLEC1/EDEM1/EIF2AK3/BHLHA15/CHAC1/FICD/SDF2L1/BCL2L11/SYVN1/EIF2AK4/SELENOS/HM13/MANF/HYOU1/EDEM2/SEC61B/PDIA4",29,"Plasma cells"
"GO:0030970","retrograde protein transport, ER to cytosol","12/255","28/17012",0.428571428571429,28.5915966386555,18.0248946560356,2.44272823314038e-15,1.50618622855436e-12,1.35969967335225e-12,"HERPUD1/DERL3/SEL1L/HSP90B1/UBE2J1/ERLEC1/EDEM1/SYVN1/SELENOS/HM13/EDEM2/SEC61B",12,"Plasma cells"
"GO:1903513","endoplasmic reticulum to cytosol transport","12/255","28/17012",0.428571428571429,28.5915966386555,18.0248946560356,2.44272823314038e-15,1.50618622855436e-12,1.35969967335225e-12,"HERPUD1/DERL3/SEL1L/HSP90B1/UBE2J1/ERLEC1/EDEM1/SYVN1/SELENOS/HM13/EDEM2/SEC61B",12,"Plasma cells"
"GO:0006119","oxidative phosphorylation","74/2899","139/17012",0.532374100719424,3.12409389494269,11.3963116387101,1.81827223813842e-22,1.10241845798332e-18,9.78039067040771e-19,"MT-ATP6/MT-ND4/TMEM135/MT-ND1/MT-ND5/MT-CO1/MT-ATP8/MT-ND4L/MT-ND6/MT-ND3/MT-CYB/MT-CO2/MT-CO3/COX6C/NDUFB9/CYC1/COX6A1/COX8A/UQCC3/NDUFA1/NDUFS8/UQCRH/NDUFB2/AK4/NDUFB10/SNCA/NUPR1/SLC25A33/NDUFV3/UQCC2/ATP5IF1/NDUFB7/UQCRC1/UQCRQ/NDUFB3/NDUFC1/UQCR10/COX5A/NDUFB4/NDUFB1/NDUFV2/NDUFA8/ATP5MF/NDUFA2/NDUFS6/COX7A2L/MTCH2/NDUFA7/ETFRF1/ATP5F1B/COX7B/NDUFB6/SDHC/NDUFAB1/ATP5F1C/ATP5PB/UQCRB/ATP5PF/UQCR11/COX6B1/ATP5F1A/ATP5F1D/PARK7/NDUFC2/COX5B/ATP5PD/NDUFA11/ATP5MG/COQ9/NDUFB11/COX7A2/CHCHD2/COX7C/ATP5ME",74,"Prostate epithelial"
"GO:0002181","cytoplasmic translation","90/2899","202/17012",0.445544554455446,2.61455810982961,10.4622445588016,4.26258117989073e-20,1.29220148468387e-16,1.14640999101272e-16,"YBX3/CPEB3/RPTOR/TSC2/CPEB2/RPL27A/RPS19/RPL39/RPL18A/RPSA/RPLP1/RPL23A/RPS14/RPS8/RPS11/RPL11/RPS3A/RPL32/RPS5/RPS16/RPL37/RPL18/RPS13/RPL13A/RPL19/RPS18/RPL22/RPL30/RPL17/RPL5/RPS6/RPS2/RPS28/RPL8/RPL27/RPL35A/RPL4/RPS7/RPL38/RPL3/RPL10A/RPL26/RPL12/EIF3L/RPL29/RPL14/RPL15/RPL35/RACK1/RPL6/RPS15/ANG/PLXNB2/RPL22L1/EIF4A1/RPL7/PRKAA1/DHX29/CPEB4/WDR24/AKT1/RPL36A/YWHAG/AKT2/RPL36/RPS6KB1/PKP1/PRKAA2/PKM/EIF4G1/RPL26L1/RPLP0/PABPC1/RPS24/PAIP1/LAMTOR1/EIF3E/EEF2/RPL37A/RPL7A/RPL31/EIF3H/EIF3I/RPS4X/RPL23/RPS17/RPL41/EEF1D/RPL24/EIF4B",90,"Prostate epithelial"
"GO:0019646","aerobic electron transport chain","52/2899","87/17012",0.597701149425287,3.50744806968713,10.6269000083648,3.46809492291081e-19,5.75238442855044e-16,5.10337672506971e-16,"MT-ND4/MT-ND1/MT-ND5/MT-CO1/MT-ND4L/MT-ND6/MT-ND3/MT-CYB/MT-CO2/MT-CO3/COX6C/NDUFB9/CYC1/COX6A1/COX8A/UQCC3/NDUFA1/NDUFS8/UQCRH/NDUFB2/NDUFB10/SNCA/NDUFV3/NDUFB7/UQCRC1/UQCRQ/NDUFB3/NDUFC1/UQCR10/COX5A/NDUFB4/NDUFB1/NDUFV2/NDUFA8/NDUFA2/NDUFS6/COX7A2L/NDUFA7/COX7B/NDUFB6/SDHC/NDUFAB1/UQCRB/UQCR11/COX6B1/PARK7/NDUFC2/COX5B/NDUFA11/COQ9/COX7A2/COX7C",52,"Prostate epithelial"
"GO:0009060","aerobic respiration","112/2899","287/17012",0.390243902439024,2.29004114118409,9.98943223483973,3.79507466834929e-19,5.75238442855044e-16,5.10337672506971e-16,"RPTOR/HK1/MT-ATP6/HDAC4/ZBTB20/STAT3/MT-ND4/TMEM135/MT-ND1/YAP1/LDHA/MT-ND5/MT-CO1/MT-ATP8/MT-ND4L/MT-ND6/MT-ND3/MT-CYB/MT-CO2/SLC4A4/MT-CO3/COX6C/NDUFB9/CYC1/COX6A1/TPI1/COX8A/ALDOA/GAPDH/IDE/PRKAA1/PFKM/PGM1/FBP1/PDHX/PRKAG2/MLST8/UQCC3/NDUFA1/NDUFS8/UQCRH/MDH2/FOXK2/FH/IDH2/NDUFB2/AK4/NDUFB10/SNCA/IDH1/NUPR1/PRKAA2/DHTKD1/SLC25A33/NDUFV3/MPC2/GPI/PKM/UQCC2/ATP5IF1/NDUFB7/UQCRC1/OGDHL/UQCRQ/NDUFB3/NDUFC1/UQCR10/COX5A/NDUFB4/NDUFB1/NDUFV2/NDUFA8/ATP5MF/NDUFA2/NDUFS6/COX7A2L/MTCH2/NDUFA7/ETFRF1/ATP5F1B/COX7B/NDUFB6/SDHC/CAT/NDUFAB1/ATP5F1C/ATP5PB/UQCRB/MDH1/ATP5PF/UQCR11/SUCLA2/COX6B1/ATP5F1A/ATP5F1D/PARK7/NDUFC2/COX5B/ATP5PD/ENO1/RAN/NDUFA11/ATP5MG/COQ9/NDUFB11/COX7A2/CHCHD2/COX7C/BCKDK/ATP5ME/SUCLG2/DLAT",112,"Prostate epithelial"
"GO:0006091","generation of precursor metabolites and energy","160/2899","477/17012",0.335429769392034,1.96837917795698,9.72258820396594,5.1181816758588e-19,6.14321427957997e-16,5.45011154260157e-16,"ADGRF5/SELENON/SLC25A25/RPTOR/SLC25A13/HK1/PHKB/PDIA5/VPS54/PPARD/MT-ATP6/HDAC4/ZBTB20/STAT3/MT-ND4/TMEM135/MT-ND1/ATG2B/YAP1/LDHA/MT-ND5/MT-CO1/MT-ATP8/MT-ND4L/MT-ND6/MT-ND3/MT-CYB/MT-CO2/PHLDA2/CROT/COMT/SLC4A4/ACADVL/IMMP2L/PYGB/MT-CO3/CYB561/PRPS2/COX6C/NDUFB9/CYC1/COX6A1/TPI1/COX8A/ALDOA/GAPDH/IDE/PRKAA1/ACAT1/PFKM/PGM1/GNPDA1/GAA/PGD/TKT/PGLS/FBP1/TALDO1/WDR45B/IRS2/PDHX/PRKAG2/AKT1/TRAP1/MLST8/UQCC3/NDUFA1/GFPT1/NDUFS8/SLC27A5/UQCRH/MDH2/AKT2/FOXK2/FH/IDH2/NDUFB2/FDX2/AK4/NDUFB10/SNCA/IDH1/NUPR1/PRKAA2/DHTKD1/SLC25A33/ACOX1/HMGCS2/ETFA/ADHFE1/GNMT/NDUFV3/MYBBP1A/MPC2/CHCHD5/GPI/PKM/UQCC2/ATP5IF1/NDUFB7/SLC25A4/UQCRC1/SELENOS/OGDHL/ACSM1/ALDH1L1/UQCRQ/NDUFB3/NDUFC1/UQCR10/COX5A/NDUFB4/NDUFB1/NDUFV2/NDUFA8/ATP5MF/NDUFA2/NDUFS6/COX7A2L/MTCH2/AGL/NDUFA7/ETFRF1/ATP5F1B/COX7B/NDUFB6/SDHC/CAT/NDUFAB1/ATP5F1C/ETFB/ATP5PB/UQCRB/MDH1/ATP5PF/UQCR11/SUCLA2/COX17/COX6B1/ATP5F1A/ATP5F1D/PARK7/NDUFC2/COX5B/ATP5PD/ENO1/RAN/WIPI1/NDUFA11/ATP5MG/COQ9/NDUFB11/COX7A2/CHCHD2/COX7C/BCKDK/ATP5ME/SUCLG2/HMGB1/DLAT",160,"Prostate epithelial"
"GO:0019646","aerobic electron transport chain","11/160","87/17012",0.126436781609195,13.4433908045977,11.3379155298778,5.45496367740906e-10,7.50924743485002e-07,5.75576069285621e-07,"MT-ND2/MT-ND4/MT-ND1/MT-ND5/MT-CO1/MT-ND4L/MT-ND6/MT-ND3/MT-CYB/MT-CO2/MT-CO3",11,"Secretory/progenitor-like epithelial"
"GO:0001666","response to hypoxia","18/160","303/17012",0.0594059405940594,6.31633663366337,9.09824748484217,5.50736279046393e-10,7.50924743485002e-07,5.75576069285621e-07,"PLAT/CAV1/MT-ND2/MT-ND4/MT-ND1/EGR1/MT-ND5/MT-CO1/FOS/MT-CYB/MT-CO2/LCN2/ATP1B1/AQP3/CLDN3/ZFP36L1/ALAS1/MDM2",18,"Secretory/progenitor-like epithelial"
"GO:0036293","response to decreased oxygen levels","18/160","316/17012",0.0569620253164557,6.05648734177215,8.84067521735669,1.08005355789423e-09,7.50924743485002e-07,5.75576069285621e-07,"PLAT/CAV1/MT-ND2/MT-ND4/MT-ND1/EGR1/MT-ND5/MT-CO1/FOS/MT-CYB/MT-CO2/LCN2/ATP1B1/AQP3/CLDN3/ZFP36L1/ALAS1/MDM2",18,"Secretory/progenitor-like epithelial"
"GO:0042773","ATP synthesis coupled electron transport","11/160","94/17012",0.117021276595745,12.4422872340426,10.8393053416952,1.27103037150474e-09,7.50924743485002e-07,5.75576069285621e-07,"MT-ND2/MT-ND4/MT-ND1/MT-ND5/MT-CO1/MT-ND4L/MT-ND6/MT-ND3/MT-CYB/MT-CO2/MT-CO3",11,"Secretory/progenitor-like epithelial"
"GO:0042775","mitochondrial ATP synthesis coupled electron transport","11/160","94/17012",0.117021276595745,12.4422872340426,10.8393053416952,1.27103037150474e-09,7.50924743485002e-07,5.75576069285621e-07,"MT-ND2/MT-ND4/MT-ND1/MT-ND5/MT-CO1/MT-ND4L/MT-ND6/MT-ND3/MT-CYB/MT-CO2/MT-CO3",11,"Secretory/progenitor-like epithelial"
