"p_val","avg_log2FC","pct.1","pct.2","p_val_adj","cluster","gene","cell_type"
0,9.08917744397107,0.37,0.001,0,"12","CADM3-AS1","ACKR1+ endothelial"
0,8.2380208402356,0.274,0.001,0,"12","PTPN5","ACKR1+ endothelial"
0,7.19389440168979,0.681,0.013,0,"12","TLL1","ACKR1+ endothelial"
0,7.19148083577103,0.87,0.01,0,"12","ACKR1","ACKR1+ endothelial"
0,7.01981143103072,0.548,0.009,0,"12","GPM6A","ACKR1+ endothelial"
0,6.74589160089181,0.826,0.033,0,"12","ZNF385D","ACKR1+ endothelial"
0,6.60825365636868,0.278,0.004,0,"12","RAB3C","ACKR1+ endothelial"
0,6.56533227853397,0.444,0.005,0,"12","MMRN1","ACKR1+ endothelial"
0,6.56245062720575,0.607,0.015,0,"12","SELE","ACKR1+ endothelial"
0,6.53495492958957,0.385,0.006,0,"12","PLCXD3","ACKR1+ endothelial"
0,4.1628908884923,0.273,0.021,0,"0","CXCR6","Activated CD8 T cells"
0,3.70880618369912,0.321,0.034,0,"0","CD8A","Activated CD8 T cells"
0,3.65159624429064,0.339,0.034,0,"0","TIGIT","Activated CD8 T cells"
0,3.60364124398266,0.32,0.033,0,"0","KLRB1","Activated CD8 T cells"
0,3.53244431927606,0.479,0.115,0,"0","DUSP4","Activated CD8 T cells"
0,3.49366862323762,0.267,0.023,0,"0","SIT1","Activated CD8 T cells"
0,3.4603505331294,0.383,0.033,0,"0","CXCR3","Activated CD8 T cells"
0,3.43446368095697,0.29,0.024,0,"0","SH2D1A","Activated CD8 T cells"
0,3.43420395404802,0.667,0.108,0,"0","CCL5","Activated CD8 T cells"
0,3.42249958924074,0.71,0.068,0,"0","CD2","Activated CD8 T cells"
7.80038026189694e-75,6.3485069442081,0.581,0.068,2.8550171796569e-70,"18","IFIT2","Activated fibroblast/stromal"
0,5.98976766687244,0.554,0.01,0,"18","COMP","Activated fibroblast/stromal"
1.54340191209035e-145,5.84736580874607,0.392,0.014,5.64900533844191e-141,"18","IL1A","Activated fibroblast/stromal"
7.17074140085733e-181,5.19622041153899,0.77,0.047,2.62456306012779e-176,"18","COL8A1","Activated fibroblast/stromal"
1.62838940534065e-86,5.03775873896111,0.27,0.011,5.96006806248732e-82,"18","SPP1","Activated fibroblast/stromal"
7.7297540228404e-35,5.03206113085199,0.284,0.032,2.82916726989982e-30,"18","DIO2","Activated fibroblast/stromal"
6.6186114286607e-28,4.96261118377593,0.297,0.043,2.4224779690041e-23,"18","ABI3BP","Activated fibroblast/stromal"
1.27748990774152e-35,4.92105856110915,0.297,0.034,4.67574081132472e-31,"18","CTHRC1","Activated fibroblast/stromal"
2.78609061011185e-24,4.9072405230647,0.27,0.041,1.01973702420704e-19,"18","SLC16A10","Activated fibroblast/stromal"
3.26638495092246e-92,4.88409657043332,0.527,0.043,1.19552955588713e-87,"18","KYNU","Activated fibroblast/stromal"
6.97781952174633e-47,5.8823693747316,0.561,0.091,2.55395172315438e-42,"21","AL078604.4","Activated macrophage/myeloid"
3.30197489560512e-71,5.57776029329653,0.485,0.043,1.20855583154043e-66,"21","HS3ST2","Activated macrophage/myeloid"
1.283655867009e-25,5.05935341355815,0.394,0.076,4.69830883883965e-21,"21","LDAH","Activated macrophage/myeloid"
5.57274293080405e-43,4.46831844599232,0.455,0.062,2.03967964010359e-38,"21","SERPINE1","Activated macrophage/myeloid"
3.82089296238684e-15,4.32985774930882,0.273,0.058,1.39848503316321e-10,"21","ANGPTL4","Activated macrophage/myeloid"
8.9298631164827e-121,4.12430839773918,0.939,0.099,3.26841919926383e-116,"21","APOE","Activated macrophage/myeloid"
3.46764314917117e-13,4.11760307347329,0.258,0.058,1.26919206902814e-08,"21","CFB","Activated macrophage/myeloid"
4.06311995857311e-28,4.06826082263392,0.318,0.044,1.48714253603734e-23,"21","FCGR2B","Activated macrophage/myeloid"
8.86924943313883e-23,4.02514624619169,0.394,0.083,3.24623398502314e-18,"21","PDE11A","Activated macrophage/myeloid"
1.19913111323517e-46,3.99596493115386,0.5,0.068,4.38893978755204e-42,"21","HMOX1","Activated macrophage/myeloid"
0,10.8469268947762,0.35,0.001,0,"13","FCRLA","B cells"
0,10.6009364007169,0.547,0.002,0,"13","VPREB3","B cells"
0,10.4138845226937,0.291,0.001,0,"13","LINC02397","B cells"
0,9.21996035846729,0.489,0.003,0,"13","CD19","B cells"
0,8.80022956181835,0.906,0.012,0,"13","CD79A","B cells"
0,8.25940624501527,0.417,0.004,0,"13","NIBAN3","B cells"
0,7.99605619690422,0.426,0.003,0,"13","FCRL1","B cells"
0,7.71351867842708,0.91,0.018,0,"13","MS4A1","B cells"
0,7.3544967008079,0.475,0.007,0,"13","TNFRSF13C","B cells"
0,7.1498961662947,0.471,0.005,0,"13","BLK","B cells"
1.1612716566111e-317,7.73113336032316,0.284,0.014,4.25037039036229e-313,"6","LTF","Basal epithelial"
0,6.37916636759185,0.44,0.021,0,"6","KRT17","Basal epithelial"
0,6.25916480320767,0.312,0.004,0,"6","KRT23","Basal epithelial"
0,6.22118514444888,0.352,0.008,0,"6","MIR205HG","Basal epithelial"
0,6.14753035198154,0.648,0.022,0,"6","MMP7","Basal epithelial"
0,5.90233563765317,0.282,0.009,0,"6","KRT15","Basal epithelial"
0,5.83473202660727,0.352,0.004,0,"6","S100A14","Basal epithelial"
7.65002744702319e-302,5.69998285178607,0.335,0.023,2.79998654588496e-297,"6","BMP2","Basal epithelial"
0,5.69225937427391,0.271,0.007,0,"6","RNF39","Basal epithelial"
0,5.67935403728612,0.422,0.01,0,"6","CFTR","Basal epithelial"
0,9.67049628110096,0.887,0.002,0,"19","IGLV3-25","Ciliated epithelial"
0,8.84469686991035,0.887,0.002,0,"19","IGHV3-33","Ciliated epithelial"
0,7.99799459141532,0.606,0.007,0,"19","CDC20B","Ciliated epithelial"
0,7.4934685010201,0.338,0.001,0,"19","IGLVI-70","Ciliated epithelial"
0,7.17176483633576,0.761,0.004,0,"19","C20orf85","Ciliated epithelial"
0,6.98653641915967,0.606,0.009,0,"19","ROPN1L","Ciliated epithelial"
0,6.98081056698444,0.521,0.003,0,"19","CAPSL","Ciliated epithelial"
0,6.64207629754025,0.718,0.011,0,"19","ZMYND10","Ciliated epithelial"
0,6.61042770234345,0.592,0.006,0,"19","C1orf194","Ciliated epithelial"
3.17221720024752e-250,6.52260803827786,0.31,0.004,1.16106321746259e-245,"19","CFAP77","Ciliated epithelial"
0,8.37268479084662,0.485,0.004,0,"20","SAA1","Ciliated/secretory epithelial"
5.09633682632998e-186,7.90108788798922,0.397,0.01,1.86531024180503e-181,"20","TIMP4","Ciliated/secretory epithelial"
9.69584243758556e-178,6.5309609538757,0.544,0.021,3.54877529058069e-173,"20","AC108690.1","Ciliated/secretory epithelial"
4.04450940617184e-302,5.69634148599208,0.412,0.005,1.48033088775295e-297,"20","TRBV24-1","Ciliated/secretory epithelial"
1.96375468246613e-223,5.56111815022751,0.779,0.035,7.18753851329429e-219,"20","FOXJ1","Ciliated/secretory epithelial"
1.77013762241561e-232,5.48315342862981,0.676,0.024,6.47888071180337e-228,"20","UBD","Ciliated/secretory epithelial"
1.13500512370177e-65,5.21484232725625,0.397,0.031,4.15423225326086e-61,"20","SCGB3A1","Ciliated/secretory epithelial"
2.90688439805117e-102,5.00108474218699,0.485,0.03,1.06394875853071e-97,"20","LCN2","Ciliated/secretory epithelial"
1.16469300568186e-76,4.93593076779107,0.397,0.027,4.26289287009619e-72,"20","PIGR","Ciliated/secretory epithelial"
9.29047137869088e-70,4.89936057452589,0.559,0.061,3.40040542931465e-65,"20","TPPP3","Ciliated/secretory epithelial"
3.76072250575478e-135,6.71075299127477,0.367,0.011,1.37646204433131e-130,"23","AURKB","Cycling/proliferating epithelial"
1.91678011951895e-177,6.45344220076227,0.567,0.02,7.01560691545132e-173,"23","HIST1H2AI","Cycling/proliferating epithelial"
5.11808896556947e-179,5.61783118926242,0.7,0.032,1.87327174228808e-174,"23","CRISP3","Cycling/proliferating epithelial"
2.49697395546726e-56,5.58743765009513,0.267,0.014,9.13917437440571e-52,"23","AOC1","Cycling/proliferating epithelial"
3.21502267889368e-35,4.99117765975333,0.25,0.02,1.17673045070188e-30,"23","HIST1H2AJ","Cycling/proliferating epithelial"
1.99824510316189e-49,4.76787225358642,0.35,0.029,7.31377690208283e-45,"23","CDK1","Cycling/proliferating epithelial"
2.87445164034768e-17,4.69654964579917,0.25,0.04,1.05207804488366e-12,"23","HIST1H3H","Cycling/proliferating epithelial"
4.87268857295265e-75,4.19363771875184,0.483,0.035,1.7834527445864e-70,"23","CCK","Cycling/proliferating epithelial"
1.30186172908532e-108,4.16354979083714,0.483,0.024,4.76494411462518e-104,"23","SDS","Cycling/proliferating epithelial"
1.02214716799558e-42,3.88089353765397,0.783,0.199,3.74116084958062e-38,"23","HIST1H1E","Cycling/proliferating epithelial"
0,7.88440902540107,0.765,0.01,0,"10","BTNL9","Endothelial"
0,7.47463253664481,0.263,0.002,0,"10","SPAAR","Endothelial"
0,6.74233243762457,0.471,0.008,0,"10","ESM1","Endothelial"
0,6.62898538956278,0.753,0.018,0,"10","KDR","Endothelial"
0,6.40692790736354,0.302,0.009,0,"10","AC008050.1","Endothelial"
0,6.39987066014474,0.853,0.03,0,"10","NOTCH4","Endothelial"
0,6.32929291421793,0.778,0.033,0,"10","PDGFD","Endothelial"
0,6.21459707866035,0.573,0.037,0,"10","ENPP2","Endothelial"
0,6.1426624236232,0.302,0.006,0,"10","AC074286.1","Endothelial"
0,6.13777770887941,0.679,0.015,0,"10","EXOC3L2","Endothelial"
0,8.14837564422834,0.301,0.009,0,"11","CXCL14","Fibroblast/stromal"
0,7.94005626852306,0.432,0.006,0,"11","KCNIP1","Fibroblast/stromal"
0,7.81193153787165,0.372,0.006,0,"11","OGN","Fibroblast/stromal"
0,7.80704186625385,0.616,0.006,0,"11","SFRP2","Fibroblast/stromal"
0,7.62436227833592,0.271,0.002,0,"11","LRRN4CL","Fibroblast/stromal"
0,7.60243454865904,0.619,0.004,0,"11","PDGFRA","Fibroblast/stromal"
0,7.50910936524736,0.348,0.004,0,"11","KIAA1755","Fibroblast/stromal"
0,7.3471873188755,0.381,0.004,0,"11","HTRA3","Fibroblast/stromal"
0,7.33133413893918,0.429,0.004,0,"11","HHIP","Fibroblast/stromal"
0,7.12331041031906,0.485,0.023,0,"11","SFRP1","Fibroblast/stromal"
0,6.60331211241323,0.343,0.002,0,"5","VSIG4","Macrophages"
0,6.44599215674129,0.365,0.004,0,"5","TREM2","Macrophages"
0,6.37566392601518,0.73,0.024,0,"5","C1QA","Macrophages"
0,6.34375600691555,0.735,0.024,0,"5","C1QB","Macrophages"
0,6.24207584909275,0.374,0.002,0,"5","LILRB2","Macrophages"
0,6.20528861983568,0.474,0.005,0,"5","CSF2RA","Macrophages"
0,6.20201106039612,0.478,0.005,0,"5","MS4A4A","Macrophages"
0,6.16522914742186,0.724,0.027,0,"5","C1QC","Macrophages"
0,6.11428524730675,0.71,0.014,0,"5","MS4A6A","Macrophages"
0,6.04851927196463,0.737,0.021,0,"5","AIF1","Macrophages"
0,8.98356611619948,0.692,0.001,0,"14","CALB2","Mast cells"
0,8.60326588773607,0.811,0.003,0,"14","MS4A2","Mast cells"
0,8.37758891161714,0.888,0.012,0,"14","CPA3","Mast cells"
0,8.2899633569266,0.728,0.003,0,"14","SIGLEC6","Mast cells"
0,8.25531868576297,0.42,0.002,0,"14","LINC02752","Mast cells"
0,8.18446393107726,0.675,0.003,0,"14","HDC","Mast cells"
0,8.0859108065973,0.598,0.004,0,"14","GCSAML","Mast cells"
0,8.03368260685293,0.538,0.001,0,"14","AL157895.1","Mast cells"
0,8.0302805656044,0.882,0.007,0,"14","TPSB2","Mast cells"
0,8.00653429615385,0.432,0.002,0,"14","SLC8A3","Mast cells"
3.81868326686858e-183,9.02824161032933,0.25,0.005,1.39767626250657e-178,"17","INHBA-AS1","Mast cells - myeloid-associated"
2.04411461590351e-79,6.20509057656818,0.272,0.015,7.48166390566843e-75,"17","AL136987.1","Mast cells - myeloid-associated"
9.19263180194644e-32,4.80188271153228,0.293,0.045,3.36459516583042e-27,"17","SLC1A3","Mast cells - myeloid-associated"
4.69682228235264e-47,4.79722570427447,0.304,0.033,1.71908392356389e-42,"17","FPR3","Mast cells - myeloid-associated"
2.45735229632403e-91,4.63706868619956,0.478,0.043,8.99415513977557e-87,"17","IGSF6","Mast cells - myeloid-associated"
7.73939812563955e-23,4.47781642444254,0.293,0.06,2.83269710796533e-18,"17","AL390957.1","Mast cells - myeloid-associated"
4.58985476361448e-31,4.47155925995466,0.261,0.036,1.67993274203054e-26,"17","CLEC7A","Mast cells - myeloid-associated"
9.64713308944574e-242,4.45764929481666,0.522,0.017,3.53094718206803e-237,"17","TPSD1","Mast cells - myeloid-associated"
1.57437158963217e-38,4.35209489181363,0.413,0.075,5.7623574552127e-34,"17","MIR181A1HG","Mast cells - myeloid-associated"
1.35687200489831e-31,4.14787128927714,0.576,0.187,4.96628722512831e-27,"17","NCAPD3","Mast cells - myeloid-associated"
3.67673288496291e-109,6.25726109710353,0.395,0.012,1.34572100322527e-104,"26","KRT4","Mixed mast-epithelial / doublet-like"
1.54266515946055e-58,6.22613664005914,0.442,0.029,5.64630875014154e-54,"26","UPK1A","Mixed mast-epithelial / doublet-like"
1.6533742378136e-169,5.79513651508065,0.767,0.03,6.05151504782156e-165,"26","LCN2","Mixed mast-epithelial / doublet-like"
1.09617012580051e-55,5.60034606836795,0.419,0.027,4.01209227744244e-51,"26","S100P","Mixed mast-epithelial / doublet-like"
4.86232852104748e-101,5.21665289522866,1,0.098,1.77966086198859e-96,"26","APOD","Mixed mast-epithelial / doublet-like"
2.44358680242058e-23,5.16306788579857,0.256,0.024,8.94377205553957e-19,"26","CXCL17","Mixed mast-epithelial / doublet-like"
3.90546860898685e-34,5.11091248794575,0.279,0.019,1.42944056557528e-29,"26","KRT23","Mixed mast-epithelial / doublet-like"
2.04363323267798e-253,4.55317061847995,0.953,0.029,7.47990199492466e-249,"26","TPSAB1","Mixed mast-epithelial / doublet-like"
4.14782082794541e-55,4.36361256332573,0.605,0.058,1.5181439012363e-50,"26","KRT7","Mixed mast-epithelial / doublet-like"
3.03099986004081e-79,4.04192292366665,0.651,0.046,1.10937625877354e-74,"26","SFRP4","Mixed mast-epithelial / doublet-like"
1.91050883793086e-67,2.49282180154553,0.256,0.082,6.99265339771073e-63,"2","SELL","Naive/memory T cells"
7.48200385886303e-137,2.30181314366102,0.414,0.118,2.73848823238246e-132,"2","CCR7","Naive/memory T cells"
4.57294758354059e-236,1.962070321062,0.688,0.198,1.67374454505169e-231,"2","IL7R","Naive/memory T cells"
1.04121941814516e-108,1.95188035548116,0.46,0.17,3.81096719235311e-104,"2","P2RY8","Naive/memory T cells"
6.94197709068689e-53,1.94968623899938,0.294,0.122,2.54083303496231e-48,"2","TCF7","Naive/memory T cells"
1.02428497708294e-67,1.90600870179936,0.28,0.092,3.74898544462127e-63,"2","TRAT1","Naive/memory T cells"
6.98718397165668e-125,1.87208287255163,0.512,0.188,2.55737920546606e-120,"2","CD247","Naive/memory T cells"
1.08362029808808e-43,1.7972102850688,0.356,0.186,3.96615865303217e-39,"2","BACH2","Naive/memory T cells"
3.23273603495808e-46,1.79688451123276,0.275,0.117,1.18321371615501e-41,"2","SPN","Naive/memory T cells"
1.8360678660629e-113,1.76653738250489,0.575,0.256,6.72019199657681e-109,"2","SYTL3","Naive/memory T cells"
0,10.6989407980794,0.418,0.006,0,"16","CHGA","Neuroendocrine"
0,8.05873233236097,0.367,0.001,0,"16","ACTL6B","Neuroendocrine"
0,7.87097769638905,0.531,0.001,0,"16","SCG3","Neuroendocrine"
2.69061333173838e-217,7.30224582556541,0.276,0.005,9.84791385549565e-213,"16","DDC","Neuroendocrine"
0,7.29480523222057,0.347,0.004,0,"16","UGT2B15","Neuroendocrine"
0,7.00659106420077,0.48,0.007,0,"16","SLC24A2","Neuroendocrine"
0,6.93512018310944,0.51,0.001,0,"16","CPLX2","Neuroendocrine"
1.97617795616572e-218,6.93222515946964,0.265,0.004,7.23300893736215e-214,"16","RGS7","Neuroendocrine"
0,6.86774825636726,0.531,0.009,0,"16","CHGB","Neuroendocrine"
0,6.57935852190221,0.367,0.005,0,"16","UNC13A","Neuroendocrine"
0,5.82869906094508,0.349,0.003,0,"8","AC106771.1","Neuronal-associated prostate epithelial"
0,5.80640891832293,0.686,0.024,0,"8","MIR548XHG","Neuronal-associated prostate epithelial"
0,5.64868077646793,0.976,0.089,0,"8","LRRC7","Neuronal-associated prostate epithelial"
0,5.51975338245286,0.485,0.024,0,"8","RALYL","Neuronal-associated prostate epithelial"
0,5.4626599517604,0.998,0.287,0,"8","SCHLAP1","Neuronal-associated prostate epithelial"
0,5.45343476932444,0.881,0.066,0,"8","NTNG1","Neuronal-associated prostate epithelial"
0,5.41691615159218,0.857,0.077,0,"8","LRRTM4","Neuronal-associated prostate epithelial"
0,5.33721506046977,0.703,0.021,0,"8","AC040174.1","Neuronal-associated prostate epithelial"
0,5.31667622932005,0.971,0.094,0,"8","AC092691.1","Neuronal-associated prostate epithelial"
0,5.2672368572132,0.952,0.08,0,"8","AC138305.1","Neuronal-associated prostate epithelial"
0,7.33486622220048,0.424,0.007,0,"4","FHL5","Pericyte/smooth muscle"
0,7.16819440677258,0.382,0.006,0,"4","PLN","Pericyte/smooth muscle"
0,6.9538544961452,0.316,0.007,0,"4","NRIP2","Pericyte/smooth muscle"
0,6.79725317293484,0.291,0.004,0,"4","MYOCD","Pericyte/smooth muscle"
0,6.65624660382407,0.586,0.019,0,"4","MUSTN1","Pericyte/smooth muscle"
0,6.60600372549785,0.335,0.008,0,"4","ACTG2","Pericyte/smooth muscle"
0,6.54297419098858,0.354,0.008,0,"4","CSPG4","Pericyte/smooth muscle"
0,6.44228314617752,0.525,0.012,0,"4","CDH6","Pericyte/smooth muscle"
0,6.29694422070304,0.577,0.017,0,"4","HIGD1B","Pericyte/smooth muscle"
0,6.28384174556689,0.743,0.044,0,"4","MYH11","Pericyte/smooth muscle"
0,13.0238160842699,0.484,0,0,"22","IGHGP","Plasma cells"
0,12.6895224316743,0.656,0.003,0,"22","IGHG3","Plasma cells"
0,12.5068562554414,0.766,0.014,0,"22","IGHG1","Plasma cells"
0,11.8521813661041,0.391,0.003,0,"22","IGHA2","Plasma cells"
7.39072890872261e-171,11.3014984077625,0.344,0.007,2.70508068788156e-166,"22","IGLC2","Plasma cells"
0,11.156039408681,0.422,0.001,0,"22","IGLC1","Plasma cells"
2.26765630491438e-311,11.0679011882557,0.25,0.001,8.29984884161712e-307,"22","IGLC3","Plasma cells"
0,10.9319491493015,0.688,0.011,0,"22","IGKC","Plasma cells"
0,10.4130916692744,0.516,0.003,0,"22","IGLV3-1","Plasma cells"
0,9.3588540278648,0.406,0.001,0,"22","AC012236.1","Plasma cells"
0,6.62818784430107,0.66,0.01,0,"25","TGM4","Prostate epithelial"
0,6.28091586701309,0.491,0.009,0,"9","VWA5B1","Prostate epithelial"
0,5.70132366963293,0.331,0.007,0,"9","ANKRD34B","Prostate epithelial"
0,5.68349852758806,0.487,0.018,0,"7","CCK","Prostate epithelial"
2.57630198547306e-154,5.6286459419629,0.64,0.026,9.42952289702994e-150,"25","S100P","Prostate epithelial"
5.59572944671128e-56,5.59335461360964,0.34,0.02,2.04809293479079e-51,"25","AGBL1","Prostate epithelial"
0,5.53741357188311,0.541,0.02,0,"9","KLK12","Prostate epithelial"
2.06343774872944e-51,5.53248276084238,0.36,0.025,7.55238850412464e-47,"25","GALNTL6","Prostate epithelial"
1.14587829189457e-154,5.48543869680726,0.809,0.327,4.19402913616333e-150,"7","MSMB","Prostate epithelial"
0,5.30884158073981,0.635,0.022,0,"9","TMEM178A","Prostate epithelial"
2.95755506118116e-133,6.40029559980815,0.492,0.02,1.08249472794292e-128,"24","TENT5B","Secretory/progenitor-like epithelial"
1.43426891981644e-193,5.99590040792746,0.593,0.02,5.24956767342015e-189,"24","MUC4","Secretory/progenitor-like epithelial"
1.61475843726525e-66,5.74986710311173,0.322,0.018,5.91017735623454e-62,"24","AC007906.2","Secretory/progenitor-like epithelial"
0,5.69969791661937,0.797,0.013,0,"24","OLFM4","Secretory/progenitor-like epithelial"
2.35793316877317e-80,5.48507818800304,0.593,0.052,8.63027119102668e-76,"24","RHOV","Secretory/progenitor-like epithelial"
3.64289684538398e-128,5.18544590079375,0.39,0.013,1.33333667437899e-123,"24","PCP4","Secretory/progenitor-like epithelial"
3.4893497534834e-85,5.17010683029762,0.39,0.02,1.27713690327246e-80,"24","GABRP","Secretory/progenitor-like epithelial"
1.98225049001936e-62,5.15859258336951,0.39,0.028,7.25523501851984e-58,"24","LINC01285","Secretory/progenitor-like epithelial"
3.20112419191398e-149,5.12261944057541,0.356,0.009,1.17164346548244e-144,"24","SCGB1A1","Secretory/progenitor-like epithelial"
4.99812699851684e-129,5.11241191375233,0.915,0.083,1.82936446272715e-124,"24","PLAT","Secretory/progenitor-like epithelial"
