"category","subcategory","ID","Description","GeneRatio","BgRatio","RichFactor","FoldEnrichment","zScore","pvalue","p.adjust","qvalue","geneID","Count","cell_type"
"Cellular Processes","Cellular community - eukaryotes","hsa04520","Adherens junction","35/959","92/8292",0.380434782608696,3.28943192637258,7.98521549722107,3.88746776304295e-11,1.30230170061939e-08,8.96163621164639e-09,"54922/1003/4233/57493/5787/5797/7048/83439/87/6615/51176/2260/3643/7082/9411/5819/51701/9475/64750/7525/1500/1495/2241/57154/6934/5595/1499/4301/10163/1387/10580/9855/4088/5879/5908",35,"ACKR1+ endothelial"
"Cellular Processes","Cellular community - eukaryotes","hsa04510","Focal adhesion","53/959","200/8292",0.265,2.29132429614181,6.68489056062736,3.05023087446707e-09,5.10913671473234e-07,3.51579242899099e-07,"7450/3691/8515/4233/3680/2324/7148/3912/3655/2321/7424/2012/3791/87/8516/3909/3678/3673/1282/1284/3911/9564/29780/6464/3910/5829/1793/3913/857/7410/10000/5747/858/8503/9475/83660/2013/3915/2317/1398/23396/5595/6654/1499/2932/54776/55742/3685/824/5879/2889/5908/3688",53,"ACKR1+ endothelial"
"Environmental Information Processing","Signaling molecules and interaction","hsa04518","Integrin signaling","42/959","153/8292",0.274509803921569,2.3735508802061,6.20121603533628,4.56332608162347e-08,5.09571412447954e-06,3.50655583114224e-06,"7450/7412/3691/8515/4233/55679/3680/2324/7148/3912/2200/3655/2321/7424/3383/3791/87/8516/3909/3678/3673/1282/1284/3911/29780/3910/10979/5829/3913/10000/5747/8503/83660/3915/2317/3987/1499/2932/55742/3685/5879/3688",42,"ACKR1+ endothelial"
"Environmental Information Processing","Signal transduction","hsa04015","Rap1 signaling pathway","51/959","210/8292",0.242857142857143,2.09986593177417,5.83797045822759,1.34587630635025e-07,9.28872427185496e-06,6.39192652171637e-06,"7010/196883/11069/10411/4233/5332/64411/2324/5600/2321/7424/9771/3791/2776/9732/23236/9223/22808/3397/9564/6300/2260/3643/7074/7410/9863/25780/23683/10000/91860/5899/8503/83660/25865/1500/1398/5595/5335/1499/5900/2149/260425/4301/2771/9693/9855/5879/1435/2889/5908/3688",51,"ACKR1+ endothelial"
"Human Diseases","Endocrine and metabolic disease","hsa04933","AGE-RAGE signaling pathway in diabetic complications","31/959","100/8292",0.31,2.68041710114703,6.11355803755071,1.38637675699328e-07,9.28872427185496e-06,6.39192652171637e-06,"6401/7412/7056/4846/5332/5600/7424/7048/3383/5054/23236/1282/1284/2308/6300/6347/1906/10000/5336/8503/3717/5581/5595/4772/5335/6776/6774/4313/6777/4088/5879",31,"ACKR1+ endothelial"
"Organismal Systems","Immune system","hsa04660","T cell receptor signaling pathway","29/506","120/8292",0.241666666666667,3.9602766798419,8.32684085316919,8.30695563327861e-11,2.4837797343503e-08,1.90622771374183e-08,"925/7535/29851/5588/915/3932/916/917/10125/919/3702/27040/940/5788/5293/9402/2534/84433/5527/4773/3937/5295/5533/8440/868/5777/5525/5062/3845",29,"Activated CD8 T cells"
"Human Diseases","Cancer: overview","hsa05203","Viral carcinogenesis","33/506","165/8292",0.2,3.27747035573123,7.53270728287184,8.7395169194759e-10,1.30655777946165e-07,1.00274457286618e-07,"3718/5293/7185/3105/3134/894/1027/3107/841/5966/3133/5295/896/6777/5922/3106/4791/6672/2959/3716/7187/5366/3665/5934/3516/1021/5567/1385/10379/3845/1654/7529/7534",33,"Activated CD8 T cells"
"Organismal Systems","Immune system","hsa04650","Natural killer cell mediated cytotoxicity","27/506","123/8292",0.219512195121951,3.59722356116842,7.39773820117619,3.71536453073245e-09,3.70297998229667e-07,2.84192795684096e-07,"4068/7535/3932/22914/5551/3683/919/27040/10870/5880/5293/962/2534/3689/3105/5579/4773/3937/3107/3133/5295/5533/3106/3384/5777/2185/3845",27,"Activated CD8 T cells"
"Human Diseases","Infectious disease: viral","hsa05169","Epstein-Barr virus infection","35/506","199/8292",0.175879396984925,2.88219754900987,6.85107130871459,9.55942510025387e-09,7.14567026243977e-07,5.48409124172459e-07,"915/916/917/3683/919/3718/864/7128/5293/3105/3134/6890/894/1027/3107/841/6891/3133/965/567/5295/896/960/3106/4791/5971/3716/7187/3665/596/3516/1021/6892/6772/10379",35,"Activated CD8 T cells"
"Environmental Information Processing","Signaling molecules and interaction","hsa04517","IgSF CAM signaling","44/506","296/8292",0.148648648648649,2.43595769682726,6.41316811874187,2.48753953159966e-08,1.48754863989659e-06,1.141649721871e-06,"201633/4068/914/9046/7277/5588/10225/3932/3683/940/3676/5293/962/2534/3385/3689/5579/3937/1445/3635/5295/3384/2308/8573/7430/4155/4478/8440/10109/5777/10095/5906/51735/382/10627/10093/5062/6709/8826/10097/10096/81873/5908/7846",44,"Activated CD8 T cells"
"Human Diseases","Endocrine and metabolic disease","hsa04933","AGE-RAGE signaling pathway in diabetic complications","11/71","100/8292",0.11,12.8467605633803,11.0757959717494,6.30928268257205e-10,1.09781518676754e-07,6.90700419986835e-08,"3552/4313/3553/1281/1278/4790/1277/3576/6347/2335/1958",11,"Activated fibroblast/stromal"
"Organismal Systems","Immune system","hsa04620","Toll-like receptor signaling pathway","10/71","106/8292",0.0943396226415094,11.0178049428647,9.64628172485549,1.82927835664009e-08,1.59147217027688e-06,1.00128920573984e-06,"6696/3553/6349/6348/4790/3576/6351/9560/4792/2353",10,"Activated fibroblast/stromal"
"Human Diseases","Cardiovascular disease","hsa05417","Lipid and atherosclerosis","12/71","214/8292",0.0560747663551402,6.54890088192708,7.64244351084311,2.14966766600028e-07,9.95635422257148e-06,6.26413090833293e-06,"3553/6349/6348/19/4973/6648/4790/3576/6347/2920/4792/2353",12,"Activated fibroblast/stromal"
"Human Diseases","Infectious disease: bacterial","hsa05133","Pertussis","8/71","76/8292",0.105263157894737,12.2935507783543,9.19130965163978,2.28881706266011e-07,9.95635422257148e-06,6.26413090833293e-06,"3552/3553/716/3394/710/4790/3576/2353",8,"Activated fibroblast/stromal"
"Human Diseases","Immune disease","hsa05323","Rheumatoid arthritis","8/71","90/8292",0.0888888888888889,10.381220657277,8.31555099623461,8.55565619587786e-07,2.97736835616549e-05,1.87323840920273e-05,"3552/3553/6349/6348/3576/6347/2920/2353",8,"Activated fibroblast/stromal"
"Organismal Systems","Immune system","hsa04612","Antigen processing and presentation","15/96","71/8292",0.211267605633803,18.2482394366197,15.7960944486151,1.56831120990266e-15,3.00623205040758e-13,1.97002822704728e-13,"3117/3122/1508/3108/5641/3113/10437/3119/972/3123/3115/3127/3310/3304/3303",15,"Activated macrophage/myeloid"
"Human Diseases","Immune disease","hsa05323","Rheumatoid arthritis","16/96","90/8292",0.177777777777778,15.3555555555556,14.819019710854,3.06581532291795e-15,3.00623205040758e-13,1.97002822704728e-13,"6348/54/3576/3117/2920/3122/3108/3113/3119/3123/3115/6349/3127/3553/2353/3725",16,"Activated macrophage/myeloid"
"Human Diseases","Infectious disease: bacterial","hsa05150","Staphylococcus aureus infection","16/96","92/8292",0.173913043478261,15.0217391304348,14.6361539738819,4.4209294858935e-15,3.00623205040758e-13,1.97002822704728e-13,"629/2213/728/2212/3117/714/713/3122/712/3108/3113/3119/3123/718/3115/3127",16,"Activated macrophage/myeloid"
"Human Diseases","Immune disease","hsa05322","Systemic lupus erythematosus","13/96","53/8292",0.245283018867925,21.186320754717,15.9549685471472,1.67533813479871e-14,8.54422448747344e-13,5.59915639787991e-13,"2212/3117/714/713/3122/712/3108/3113/3119/3123/718/3115/3127",13,"Activated macrophage/myeloid"
"Human Diseases","Infectious disease: parasitic","hsa05140","Leishmaniasis","13/96","74/8292",0.175675675675676,15.1739864864865,13.2544864348755,1.71119400951858e-12,6.98167155883581e-11,4.57519240439705e-11,"2212/3117/3122/3108/3113/3119/3123/718/3115/3127/3553/2353/3725",13,"Activated macrophage/myeloid"
"Genetic Information Processing","Translation","hsa03010","Ribosome","66/248","173/8292",0.38150289017341,12.7557337311206,27.4356206055331,1.22553324483965e-57,2.89225845782157e-55,2.5155682394077e-55,"6228/3921/6224/6181/6144/6232/6202/2197/6205/6227/6135/6189/6161/6231/6193/6137/6164/6208/6133/6142/6233/6217/6206/6167/6141/6207/6170/23521/6230/6235/6143/6222/6210/6176/6188/6146/6156/6139/6125/6194/6157/6134/6187/6234/6132/6155/6158/6203/6165/6124/6201/6169/6122/6223/4736/6154/7311/6136/6159/9045/6147/6138/11224/10399/6128/6209",66,"B cells"
"Human Diseases","Infectious disease: viral","hsa05171","Coronavirus disease","69/248","228/8292",0.302631578947368,10.1186332767402,24.5140564054688,2.27659308449739e-52,2.68637983970692e-50,2.33650342882627e-50,"6850/5336/1536/5579/6228/3921/6224/6181/6144/6232/6202/2197/6205/6227/6135/6189/6161/6231/6193/6137/6164/6208/6133/6142/6233/6217/6206/6167/6141/6207/6170/23521/6230/6235/6143/6222/6210/6176/6188/6146/6156/6139/6125/6194/6157/6134/6187/6234/6132/6155/6158/6203/6165/6124/6201/6169/6122/6223/4736/6154/7311/6136/6159/9045/6147/6138/11224/6128/6209",69,"B cells"
"Organismal Systems","Immune system","hsa04662","B cell receptor signaling pathway","19/248","81/8292",0.234567901234568,7.84289127837515,10.8661923938496,1.59788306047679e-12,1.25700134090841e-10,1.09328840979991e-10,"930/973/640/55024/974/27071/695/6850/5336/4067/29760/2213/84433/118788/5579/5777/3635/2885/5880",19,"B cells"
"Organismal Systems","Immune system","hsa04672","Intestinal immune network for IgA production","14/248","46/8292",0.304347826086957,10.1760168302945,10.9573294367141,3.25094783827769e-11,1.67788571197424e-09,1.45935643994191e-09,"115650/23495/3112/3119/3122/958/3117/3123/3115/3127/3113/3108/3109/7852",14,"B cells"
"Human Diseases","Infectious disease: parasitic","hsa05140","Leishmaniasis","17/248","74/8292",0.22972972972973,7.68112467306016,10.136210812376,3.55484261011491e-11,1.67788571197424e-09,1.45935643994191e-09,"3112/3119/653361/3122/3117/1536/4689/3123/3115/5579/5777/3127/3113/3108/3109/1535/1915",17,"B cells"
"Cellular Processes","Cellular community - eukaryotes","hsa04530","Tight junction","42/614","168/8292",0.25,3.37622149837134,8.79873410188945,9.24034202192538e-13,3.08627423532308e-10,2.75264925495251e-10,"1080/9076/1364/79784/100506658/27134/84612/1365/50848/1366/153562/2064/92359/51421/10207/57530/9414/91862/56288/79778/4301/23327/8531/9223/9475/3993/71/1740/7082/7430/5516/595/3725/5584/5872/103910/81/4214/5520/8777/2017/1739",42,"Basal epithelial"
"Environmental Information Processing","Signal transduction","hsa04390","Hippo signaling pathway","33/614","155/8292",0.212903225806452,2.8752337921614,6.66427179278491,2.14606273159612e-08,3.58392476176551e-06,3.19650396337737e-06,"650/81029/84612/3397/166824/7042/10207/999/1490/23286/7005/10413/56288/8323/25937/657/60485/7003/27113/3993/71/1495/9231/1740/5516/4088/595/5584/4087/5520/6788/26524/1739",33,"Basal epithelial"
"Environmental Information Processing","Signaling molecules and interaction","hsa04519","Cadherin signaling","58/614","402/8292",0.144278606965174,1.94846613836356,5.51264396923503,4.76722573323144e-07,5.307511316331e-05,4.73377151755964e-05,"3872/25984/3866/3855/2568/2564/3880/5099/4233/84152/1001/81029/1956/3856/2064/1829/3728/51421/3875/147798/1832/999/55740/51474/23286/7005/10413/7414/79838/2195/8323/25937/4301/60485/11187/1500/7003/5603/22800/10787/9475/102/71/1495/7082/4430/51107/4643/473/81/1452/3480/6788/5747/1822/8777/3858/26524",58,"Basal epithelial"
"Cellular Processes","Cellular community - eukaryotes","hsa04520","Adherens junction","21/614","92/8292",0.228260869565217,3.08263702025209,5.68020697416922,2.49036209022678e-06,0.000207945234533936,0.000185466439877415,"81607/4233/1956/4008/2064/999/5792/56288/7414/5819/57154/4301/1500/9475/71/1495/7082/4088/103910/81/3480",21,"Basal epithelial"
"Organismal Systems","Development and regeneration","hsa04382","Cornified envelope formation","35/614","213/8292",0.164319248826291,2.21911272193421,5.09704479342813,5.61745273144561e-06,0.000375245842460567,0.000334681920631391,"3872/25984/3866/57402/3855/3914/3880/9076/1364/5493/100506658/140576/3918/1365/1366/3691/3856/1829/3728/6768/3875/1832/1287/6284/6282/667/6277/5652/11187/823/7082/5516/2531/5520/3858",35,"Basal epithelial"
"Human Diseases","Neurodegenerative disease","hsa05016","Huntington disease","24/231","303/8292",0.0792079207920792,2.84325575414684,5.53319134494696,3.43096976997588e-06,0.000609082052307433,0.000538829587147673,"27019/8701/56171/2893/1768/10126/7802/10383/1345/4715/1767/5437/90993/148327/1537/7052/1337/4541/516/1351/10376/4538/4540/4535",24,"Ciliated epithelial"
"Genetic Information Processing","Folding, sorting and degradation","hsa04141","Protein processing in endoplasmic reticulum","17/231","169/8292",0.100591715976331,3.61085068777376,5.80473166256549,4.3197308674286e-06,0.000609082052307433,0.000538829587147673,"91319/3310/23640/6400/7494/54431/81567/23645/3304/9709/6748/3326/3337/3301/811/3303/7184",17,"Ciliated epithelial"
"Human Diseases","Neurodegenerative disease","hsa05012","Parkinson disease","20/231","264/8292",0.0757575757575758,2.7194018103109,4.80607615460138,4.42644254935736e-05,0.00416085599639592,0.00368093643578138,"4129/10383/2770/1345/55630/4715/7494/64116/4128/1537/1337/4541/516/7295/801/1351/10376/4538/4540/4535",20,"Ciliated epithelial"
"Metabolism","Energy metabolism","hsa00190","Oxidative phosphorylation","13/231","132/8292",0.0984848484848485,3.53522235340417,4.97018928333953,7.42131326682153e-05,0.00523202585310918,0.00462855590588606,"155066/1345/528/4715/1537/9550/1337/4541/516/1351/4538/4540/4535",13,"Ciliated epithelial"
"Organismal Systems","Endocrine system","hsa04915","Estrogen signaling pathway","13/231","137/8292",0.0948905109489051,3.40619963977628,4.80723048705589,0.000108875683040643,0.00614058852349228,0.00543232355381736,"3310/2770/108/90993/148327/3304/3326/2288/2353/801/3875/3303/7184",13,"Ciliated epithelial"
"Human Diseases","Cancer: overview","hsa05208","Chemical carcinogenesis - reactive oxygen species","16/49","219/8292",0.0730593607305936,12.3634330444507,13.1393229180623,5.02290447068897e-14,7.03206625896456e-12,6.29184875802092e-12,"2938/196/6648/4541/4540/4512/4509/4535/2353/4508/4539/4537/4519/4513/4514/4538",16,"Ciliated/secretory epithelial"
"Metabolism","Energy metabolism","hsa00190","Oxidative phosphorylation","12/49","132/8292",0.0909090909090909,15.3840445269017,12.8434515774506,8.93691567325313e-12,6.25584097127719e-10,5.59733139535328e-10,"4541/4540/4512/4509/4535/4508/4539/4537/4519/4513/4514/4538",12,"Ciliated/secretory epithelial"
"Human Diseases","Neurodegenerative disease","hsa05016","Huntington disease","15/49","303/8292",0.0495049504950495,8.37744998989695,10.0864937913288,1.00515033125105e-10,4.69070154583824e-09,4.19694348838159e-09,"7052/6648/4541/10383/4540/4512/4509/4535/4508/4539/4537/4519/4513/4514/4538",15,"Ciliated/secretory epithelial"
"Human Diseases","Neurodegenerative disease","hsa05012","Parkinson disease","14/49","264/8292",0.053030303030303,8.97402597402597,10.1516065004035,1.94399020149505e-10,6.80396570523268e-09,6.0877587888924e-09,"4541/10383/4540/4512/4509/4535/7316/4508/4539/4537/4519/4513/4514/4538",14,"Ciliated/secretory epithelial"
"Human Diseases","Neurodegenerative disease","hsa05020","Prion disease","14/49","269/8292",0.0520446096654275,8.80722251725969,10.036057690943,2.4937707782172e-10,6.98255817900815e-09,6.24755205490203e-09,"4541/10383/4540/4512/3304/4509/4535/4508/4539/4537/4519/4513/4514/4538",14,"Ciliated/secretory epithelial"
"Organismal Systems","Immune system","hsa04612","Antigen processing and presentation","9/70","71/8292",0.126760563380282,15.0156941649899,10.943221854042,6.30336261916941e-09,1.0715716452588e-06,8.36024936858259e-07,"3117/10437/3115/3122/972/3113/3123/811/3326",9,"Cycling/proliferating epithelial"
"Human Diseases","Immune disease","hsa05310","Asthma","6/70","29/8292",0.206896551724138,24.5083743842365,11.7008244185199,1.18632998094217e-07,1.00838048380085e-05,7.8672409262481e-06,"3117/3115/2207/3122/3113/3123",6,"Cycling/proliferating epithelial"
"Human Diseases","Cancer: overview","hsa05208","Chemical carcinogenesis - reactive oxygen species","12/70","219/8292",0.0547945205479452,6.49080234833659,7.59808474765404,2.35007497960677e-07,1.3317091551105e-05,1.03898051729983e-05,"3162/7422/4541/4257/4540/4512/4509/4539/4514/4513/4519/4537",12,"Cycling/proliferating epithelial"
"Metabolism","Energy metabolism","hsa00190","Oxidative phosphorylation","9/70","132/8292",0.0681818181818182,8.07662337662338,7.56191358902526,1.42924214969837e-06,6.07427913621805e-05,4.73906607531563e-05,"4541/4540/4512/4509/4539/4514/4513/4519/4537",9,"Cycling/proliferating epithelial"
"Human Diseases","Cardiovascular disease","hsa05415","Diabetic cardiomyopathy","10/70","200/8292",0.05,5.92285714285714,6.50231545638794,5.98871287331025e-06,0.000190793232711432,0.000148854162982294,"5166/4541/4540/4512/4509/4539/4514/4513/4519/4537",10,"Cycling/proliferating epithelial"
"Cellular Processes","Cellular community - eukaryotes","hsa04510","Focal adhesion","65/1018","200/8292",0.325,2.64724950884086,8.82139249327003,2.50944972349878e-14,8.43175107095592e-12,5.81135725441824e-12,"3791/80310/2321/7424/2324/7450/3912/8516/3680/3910/1282/4233/3911/1284/5155/3672/3678/8503/857/3691/2889/7148/3655/1793/2012/3913/858/3673/9564/29780/5747/2013/9475/3915/6654/23396/10000/3688/5829/1499/10451/2335/54776/1398/5290/5595/81/55742/3693/394/2932/4659/25759/6655/6464/7057/2909/5599/10398/3480/331/2317/5879/1292/5906",65,"Endothelial"
"Environmental Information Processing","Signal transduction","hsa04015","Rap1 signaling pathway","61/1018","210/8292",0.29047619047619,2.36603985405557,7.50074312403518,3.65913933414074e-11,6.14735408135644e-09,4.23689817637349e-09,"3791/80310/2321/7424/3643/2324/285/7010/11069/10411/64411/9771/196883/25780/2247/57568/4233/5155/23236/9223/8503/2889/5600/5332/3397/4254/2149/9564/5899/9732/2776/2770/9693/10000/3688/9863/1499/10451/5335/2260/1942/25865/1500/4301/112/1398/23683/5290/5595/2771/1432/260425/6237/5587/7057/5898/2778/23094/3480/5879/5906",61,"Endothelial"
"Cellular Processes","Cellular community - eukaryotes","hsa04520","Adherens junction","35/1018","92/8292",0.380434782608696,3.09878705048262,7.5726182127047,2.09029335917056e-10,2.21272704692511e-08,1.52506250101355e-08,"3643/1003/5787/54922/83439/57493/5797/4233/9411/7048/51701/7525/9475/7082/1499/2260/1500/5819/4301/64750/6934/5595/81/57154/1495/10163/1387/6885/2241/1459/10398/51176/3480/5879/5906",35,"Endothelial"
"Environmental Information Processing","Signaling molecules and interaction","hsa04518","Integrin signaling","48/1018","153/8292",0.313725490196078,2.5554143071767,7.26435365064138,2.63419886538704e-10,2.21272704692511e-08,1.52506250101355e-08,"3791/80310/2321/7424/2324/7450/3912/8516/3680/3910/55679/1282/4233/3911/1284/5155/3672/3678/8503/3691/7148/3655/2200/3384/3913/3673/29780/5747/10979/3915/10000/3688/5829/1499/2335/5290/81/55742/3693/2932/7057/3383/9459/3480/2317/5879/1292/3987",48,"Endothelial"
"Organismal Systems","Immune system","hsa04670","Leukocyte transendothelial migration","39/1018","114/8292",0.342105263157895,2.78657843035881,7.18524625749041,7.72076938115159e-10,5.18835702413387e-08,3.57593529232284e-08,"1003/7122/5175/11069/10411/58494/90952/6387/8503/5336/5600/83700/4313/9564/5747/83692/9475/2770/3688/5829/1499/10451/5335/1500/4301/5290/81/1495/4478/2771/7070/1432/394/50848/3383/2909/10398/5879/5906",39,"Endothelial"
"Cellular Processes","Cell motility","hsa04820","Cytoskeleton in muscle cells","68/742","232/8292",0.293103448275862,3.27549028720141,11.0200456109913,1.32249642011311e-19,4.40391307897666e-17,3.67514794641959e-17,"2192/1634/22801/3908/1462/7060/7058/1277/1311/1293/1278/1286/2006/2199/1289/1281/1291/2200/1292/1290/8082/22795/633/287/3696/23500/9260/2274/8910/8572/7057/9672/6443/4811/2335/1284/6383/3693/1756/23345/64236/2273/2275/1282/7168/6711/7169/171024/114793/1465/27295/83660/79188/3672/25802/6444/10398/1287/4628/7414/3339/5339/9124/3688/23002/91010/7431/7171",68,"Fibroblast/stromal"
"Cellular Processes","Cellular community - eukaryotes","hsa04510","Focal adhesion","54/742","200/8292",0.27,3.01730458221024,9.05295726333008,4.12100985498821e-14,6.86148140855537e-12,5.72603474587836e-12,"5156/22801/3908/7060/7058/1277/1311/1293/1278/1286/3479/1291/7148/1292/5063/56034/3696/5159/3910/3913/3912/7057/55742/2335/1284/3693/2012/1282/7423/4638/1956/5602/83660/5728/1793/87/5578/3672/3915/2013/894/10398/1287/7414/4660/5290/3611/10000/2316/3688/858/857/5595/6464",54,"Fibroblast/stromal"
"Environmental Information Processing","Signaling molecules and interaction","hsa04518","Integrin signaling","43/742","153/8292",0.281045751633987,3.14074308968871,8.37831484245052,4.06734539802852e-12,4.51475339181165e-10,3.76764626343694e-10,"5156/22801/3908/7060/7058/1277/1311/1293/1278/1286/3479/1291/2200/7148/1292/56034/3696/5159/718/3910/3913/3912/7057/55742/2335/1284/3693/1282/7423/10979/1956/83660/87/3672/3915/894/1287/7414/5290/3611/10000/2316/3688",43,"Fibroblast/stromal"
"Human Diseases","Cancer: overview","hsa05205","Proteoglycans in cancer","46/742","200/8292",0.23,2.57029649595687,7.04694134639753,1.21486791831103e-09,1.01137754199393e-07,8.44013501142401e-08,"1634/4060/2719/1277/1278/117581/4313/3479/3481/5727/2099/287/2247/22808/2260/7078/3316/8321/7057/7482/2817/2335/6383/3693/6237/1956/2549/7074/967/5578/8322/7042/2017/4660/5290/3339/10000/2316/10818/3688/1514/858/5566/857/5595/5781",46,"Fibroblast/stromal"
"Environmental Information Processing","Signaling molecules and interaction","hsa04512","ECM-receptor interaction","26/742","89/8292",0.292134831460674,3.26466579847966,6.73355951891707,3.19098981822772e-08,2.12519921893966e-06,1.77351855160446e-06,"22801/3908/7060/7058/1277/1311/1293/1278/1286/1291/7148/1292/3696/3910/3913/3912/7057/2335/1284/3693/1282/3672/3915/1287/3339/3688",26,"Fibroblast/stromal"
"Human Diseases","Infectious disease: bacterial","hsa05152","Tuberculosis","58/536","177/8292",0.327683615819209,5.06931444472553,14.3856858915494,1.19581854632676e-26,3.85053571917216e-24,2.78185156566541e-24,"929/3553/7097/2209/4360/2212/2207/3687/64581/2213/3122/3113/3117/3115/3123/3127/3119/2214/3606/7099/7096/3111/1520/972/3108/718/3109/1509/4261/6850/3656/3684/637/7124/1051/4790/3689/3460/3717/64170/9114/3459/8767/535/10892/533/7879/527/537/4615/4046/3920/3587/5878/3329/3588/10312/387",58,"Macrophages"
"Cellular Processes","Transport and catabolism","hsa04145","Phagocytosis","64/536","252/8292",0.253968253968254,3.92892679459844,12.4121700048497,1.81060408868909e-22,2.87931266185185e-20,2.08018338760791e-20,"929/4069/7097/4973/2209/4481/1536/4360/2212/4688/64581/2213/3122/3113/3117/3115/3123/3127/3119/2214/7099/7096/3111/1520/3108/718/3109/1508/1509/6850/1514/3684/526/4689/653361/6810/8417/10533/3689/1535/9114/9296/10376/535/4074/528/27342/533/64422/7879/11337/527/537/89849/8773/967/523/60/3920/5878/10312/7405/81631/5879",64,"Macrophages"
"Human Diseases","Immune disease","hsa05323","Rheumatoid arthritis","38/536","90/8292",0.422222222222222,6.5318407960199,13.8706878154403,2.68258943650793e-22,2.87931266185185e-20,2.08018338760791e-20,"3553/7097/6349/942/6348/2921/3576/2920/3122/3113/3117/3115/3123/3127/3119/3606/7099/3111/10673/3108/8741/3109/1514/3383/526/54/7124/3689/7422/9114/9296/535/528/533/527/537/523/10312",38,"Macrophages"
"Human Diseases","Infectious disease: parasitic","hsa05140","Leishmaniasis","34/536","74/8292",0.459459459459459,7.10790641387656,13.8736942020323,1.58955587539385e-21,1.27959247969205e-19,9.24452232794843e-20,"3553/7097/2209/1536/2212/4688/3122/3113/3117/3115/3123/3127/3119/2214/7099/3111/3108/718/3109/3684/5743/4689/4792/7124/653361/4790/3689/1535/3460/3717/3459/5777/4615/4793",34,"Macrophages"
"Cellular Processes","Transport and catabolism","hsa04142","Lysosome biogenesis","60/536","247/8292",0.242914979757085,3.75793099280923,11.5674012317363,4.73352843614232e-20,3.04839231287566e-18,2.20233638818411e-18,"968/51296/1522/5641/1520/1508/1509/5660/1514/23312/4126/3988/4125/2717/2760/526/1512/10577/4668/57192/54/427/3073/1200/1075/8905/5538/9516/55207/2548/7805/1777/3074/8673/5476/9114/9296/535/4074/162/528/2799/533/7879/2720/527/4758/537/26088/2990/28962/2519/26258/967/523/84572/9907/3920/10312/1175",60,"Macrophages"
"Organismal Systems","Development and regeneration","hsa04380","Osteoclast differentiation","27/436","132/8292",0.204545454545455,3.89011676396998,7.88502800505072,7.35427720098445e-10,2.32395159551109e-07,1.72631980612582e-07,"1435/4286/695/5594/7006/4790/4792/4772/2354/8061/4689/5971/5336/6850/3708/489/7305/4791/8878/2355/5290/1540/6688/23118/3460/488/3937",27,"Mast cells"
"Organismal Systems","Immune system","hsa04664","Fc epsilon RI signaling pathway","18/436","66/8292",0.272727272727273,5.18682235195997,8.04466778494351,4.39112385070544e-09,6.93797568411459e-07,5.15379273003848e-07,"2206/240/2205/695/5594/2207/5578/241/7409/5336/6850/10451/5880/5290/27040/5606/4067/3937",18,"Mast cells"
"Environmental Information Processing","Signal transduction","hsa04064","NF-kappa B signaling pathway","20/436","102/8292",0.196078431372549,3.72908796546141,6.53313502459046,2.55493123245996e-07,2.6911942315245e-05,1.99912163101253e-05,"695/5743/4790/4792/597/3383/330/5579/5971/5336/6850/4791/27040/1540/4067/23118/7187/329/4616/23085",20,"Mast cells"
"Organismal Systems","Immune system","hsa04662","B cell receptor signaling pathway","17/436","81/8292",0.209876543209877,3.99150526673462,6.373532723987,7.47007205331362e-07,5.90135692211776e-05,4.38375281023404e-05,"933/695/5594/4790/4792/4772/7409/5579/5336/6850/10451/5880/118788/5290/4067/4793/5777",17,"Mast cells"
"Organismal Systems","Immune system","hsa04650","Natural killer cell mediated cytotoxicity","21/436","123/8292",0.170731707317073,3.24703513090177,5.91458033358113,1.43104317219309e-06,7.79229348159592e-05,5.78841254628877e-05,"5058/5594/7462/2207/4772/5578/3383/673/7409/5579/5336/6850/7305/10451/5880/5290/27040/3460/3937/5777/8743",21,"Mast cells"
"Organismal Systems","Immune system","hsa04612","Antigen processing and presentation","19/86","71/8292",0.267605633802817,25.8021618080576,21.4853935755687,1.37994163091692e-22,2.64948793136048e-20,1.84476407501525e-20,"3117/1520/3113/3122/3108/5641/3123/3119/972/1508/3115/10437/3127/3304/3310/3303/3320/3326/3312",19,"Mast cells - myeloid-associated"
"Human Diseases","Immune disease","hsa05322","Systemic lupus erythematosus","12/86","53/8292",0.226415094339623,21.8306274681878,15.5736339414688,1.32668722050522e-13,1.27361973168501e-11,8.86785668442962e-12,"2212/714/713/712/3117/3113/3122/3108/3123/3119/3115/3127",12,"Mast cells - myeloid-associated"
"Human Diseases","Immune disease","hsa05323","Rheumatoid arthritis","14/86","90/8292",0.155555555555556,14.9984496124031,13.6687322845145,2.67387754081899e-13,1.71128162612416e-11,1.19151736029478e-11,"3576/3117/3113/3122/6348/3108/3123/3119/6347/3115/3127/6349/3553/2353",14,"Mast cells - myeloid-associated"
"Human Diseases","Infectious disease: bacterial","hsa05150","Staphylococcus aureus infection","14/86","92/8292",0.152173913043478,14.6723963599596,13.4995270785203,3.6666080304532e-13,1.75997185461753e-11,1.22541899965146e-11,"2359/2212/2213/714/713/712/3117/3113/3122/3108/3123/3119/3115/3127",14,"Mast cells - myeloid-associated"
"Human Diseases","Endocrine and metabolic disease","hsa04940","Type I diabetes mellitus","10/86","42/8292",0.238095238095238,22.9568106312292,14.603395729494,9.45997599757923e-12,3.63263078307043e-10,2.52929884566855e-10,"3117/3113/3122/3108/3123/3119/3115/3127/3329/3553",10,"Mast cells - myeloid-associated"
"Human Diseases","Cardiovascular disease","hsa05415","Diabetic cardiomyopathy","13/47","200/8292",0.065,11.4676595744681,11.3134147212711,4.33631205223135e-11,3.94604396753053e-09,3.19517730164415e-09,"1281/1278/4512/4539/4540/4509/4514/4538/4537/4513/4519/4535/4536",13,"Mixed mast-epithelial / doublet-like"
"Metabolism","Energy metabolism","hsa00190","Oxidative phosphorylation","11/47","132/8292",0.0833333333333333,14.7021276595745,11.9808312783593,1.16973228804784e-10,5.32228191061769e-09,4.30954000859732e-09,"4512/4539/4540/4509/4514/4538/4537/4513/4519/4535/4536",11,"Mixed mast-epithelial / doublet-like"
"Human Diseases","Neurodegenerative disease","hsa05012","Parkinson disease","12/47","264/8292",0.0454545454545455,8.01934235976789,8.75088070002533,1.63707986003047e-08,4.9658089087591e-07,4.02089790182923e-07,"6571/4512/4539/4540/4509/4514/4538/4537/4513/4519/4535/4536",12,"Mixed mast-epithelial / doublet-like"
"Human Diseases","Cancer: overview","hsa05208","Chemical carcinogenesis - reactive oxygen species","11/47","219/8292",0.0502283105022831,8.86155639755173,8.90164298201445,2.56351772401025e-08,5.83200282212333e-07,4.72226949159784e-07,"4512/4539/4540/4509/4514/4538/4537/4513/4519/4535/4536",11,"Mixed mast-epithelial / doublet-like"
"Organismal Systems","Environmental adaptation","hsa04714","Thermogenesis","11/47","229/8292",0.0480349344978166,8.47458886927437,8.65991795792783,4.06829674624016e-08,7.4043000781571e-07,5.99538467866972e-07,"4512/4539/4540/4509/4514/4538/4537/4513/4519/4535/4536",11,"Mixed mast-epithelial / doublet-like"
"Genetic Information Processing","Translation","hsa03010","Ribosome","32/198","173/8292",0.184971098265896,7.74636538798388,14.0247811404492,4.23446627347974e-20,9.86630641720778e-18,7.84490593823614e-18,"6231/6232/6188/6206/6181/6235/6144/6210/6233/6189/6137/6230/6161/6208/6156/6158/6170/6228/6223/6164/6227/3921/6224/6169/2197/6134/6167/6166/6135/6143/6217/6207",32,"Naive/memory T cells"
"Human Diseases","Infectious disease: viral","hsa05171","Coronavirus disease","35/198","228/8292",0.153508771929825,6.42876129718235,13.0001200478032,3.55516564674144e-19,4.14176797845377e-17,3.29320607277102e-17,"5579/5295/6231/6232/6188/6206/6181/6235/6144/6210/6233/6189/6137/3716/6230/6161/6208/6156/6158/6170/6228/6223/6164/6227/3921/6224/6169/2197/6134/6167/6166/6135/6143/6217/6207",35,"Naive/memory T cells"
"Organismal Systems","Immune system","hsa04650","Natural killer cell mediated cytotoxicity","17/198","123/8292",0.138211382113821,5.78812515397881,8.36735228185073,4.33701555518923e-09,3.3684154145303e-07,2.67829732530984e-07,"919/3384/2534/3106/3932/10870/3689/3683/7535/962/27040/5880/5579/5295/3105/3107/3133",17,"Naive/memory T cells"
"Environmental Information Processing","Signaling molecules and interaction","hsa04514","Cell adhesion molecule (CAM) interaction","18/198","157/8292",0.114649681528662,4.80138969310944,7.52086673117421,3.05222460271187e-08,1.77792083107966e-06,1.41366192125602e-06,"6402/6693/3384/3106/5788/940/3689/923/3683/29851/3385/6404/914/3134/3676/3105/3107/3133",18,"Naive/memory T cells"
"Human Diseases","Infectious disease: viral","hsa05166","Human T-cell leukemia virus 1 infection","21/198","221/8292",0.0950226244343891,3.97943233237351,7.021347089104,5.81985461708505e-08,2.71205225156163e-06,2.15640928969888e-06,"917/3106/916/915/3561/3932/3689/3683/896/3560/2113/472/5295/3134/894/567/7040/3105/3107/3716/3133",21,"Naive/memory T cells"
"Genetic Information Processing","Translation","hsa03013","Nucleocytoplasmic transport","30/996","108/8292",0.277777777777778,2.31258366800536,5.07278875777254,6.37247640475389e-06,0.00217938693042583,0.00197882162042358,"79902/64901/80145/100101267/23534/51068/5976/23039/11097/9883/2733/51808/81929/53371/8021/10921/23633/79228/3841/4686/6613/57510/8563/23165/55705/7514/65110/30000/5411/348995",30,"Neuroendocrine"
"Cellular Processes","Cellular community - eukaryotes","hsa04530","Tight junction","40/996","168/8292",0.238095238095238,1.98221457257602,4.75189429030384,1.29065719980973e-05,0.00220702381167463,0.00200391512602036,"100506658/5522/1364/776/3993/9073/57180/153562/8777/5584/4301/9069/51422/92359/1740/2017/1365/23513/653857/5516/10207/154810/54566/5565/7082/140465/1366/5520/4628/71/5601/9223/6714/5567/56288/1019/50848/4217/5581/5599",40,"Neuroendocrine"
"Environmental Information Processing","Signal transduction","hsa04150","mTOR signaling pathway","37/996","155/8292",0.238709677419355,1.98732996502138,4.58444453808085,2.54688953281297e-05,0.00290345406740678,0.00263625407782395,"4041/245973/84219/27330/7976/3667/201163/729438/6199/5170/7249/207/7855/58528/64223/57521/1978/6196/673/8131/9706/8408/7248/3480/23175/96459/51606/81929/208/9894/79726/8323/3265/2932/6198/64798/1855",37,"Neuroendocrine"
"Environmental Information Processing","Signaling molecules and interaction","hsa04517","IgSF CAM signaling","59/996","296/8292",0.199324324324324,1.65943503744709,4.26846962736899,4.76308359133049e-05,0.00401107072436886,0.00364193863862362,"3785/253559/57502/91584/10381/5789/57731/6334/287/4685/22871/6712/26047/23426/4897/4133/8976/57180/5802/5817/8777/1525/23705/5584/4301/22829/5170/117178/23114/57522/137970/207/5792/4155/10458/999/653857/9788/25945/8500/7204/7082/140465/8541/23085/4628/71/208/5601/9223/6714/23607/56288/5058/50848/2932/10298/9564/5599",59,"Neuroendocrine"
"Environmental Information Processing","Signal transduction","hsa04152","AMPK signaling pathway","30/996","120/8292",0.25,2.08132530120482,4.40832416793792,5.86413848591938e-05,0.00401107072436886,0.00364193863862362,"8660/3667/5522/90993/2309/5523/6199/5170/51422/7249/29904/207/6885/57521/1978/10645/5516/8408/7248/5565/3480/3156/5520/208/6319/2194/31/148327/6198/6720",30,"Neuroendocrine"
"Human Diseases","Endocrine and metabolic disease","hsa04931","Insulin resistance","43/1403","107/8292",0.401869158878505,2.37512406658629,6.46068594719469,8.0812403214751e-09,2.4549788855339e-06,1.96067775129849e-06,"183/5602/6720/5792/9882/90993/8660/51422/8503/5291/22877/5563/5590/2673/148327/5834/6774/9586/6196/3551/5562/5581/5601/90673/10999/5465/1374/5580/2997/2932/10998/6197/2475/92579/8473/6513/5524/207/64764/5571/208/5770/376497",43,"Neuronal-associated prostate epithelial"
"Environmental Information Processing","Signal transduction","hsa04150","mTOR signaling pathway","55/1403","155/8292",0.354838709677419,2.09716506104431,6.22242772605061,1.42731330554296e-08,2.4549788855339e-06,1.96067775129849e-06,"7481/7474/4040/81029/3480/54361/8503/5291/96459/7482/5563/57600/10325/7855/8408/4041/2887/6249/201163/9706/54468/5578/6196/7477/79726/3551/5562/5604/5894/7248/2932/8322/81617/6197/2475/153129/9681/673/55437/8131/84335/79109/8323/9675/207/729438/51606/57521/7249/3265/1856/92335/1855/208/9894",55,"Neuronal-associated prostate epithelial"
"Organismal Systems","Endocrine system","hsa04910","Insulin signaling pathway","50/1403","138/8292",0.36231884057971,2.14137407418885,6.10149688475383,2.98624958495503e-08,3.4242328574151e-06,2.73477593569566e-06,"5602/3099/31/6720/2194/5792/9882/25759/8660/51422/8503/5291/5563/5590/5834/5577/5256/5140/3632/5255/3551/5562/91860/10580/23265/5601/90673/5604/5257/5894/2997/7248/2932/5584/2475/92579/673/8835/3098/207/57521/5575/7249/3265/3636/5571/9847/2203/208/5770",50,"Neuronal-associated prostate epithelial"
"Metabolism","Amino acid metabolism","hsa00280","Valine, leucine and isoleucine degradation","24/1403","48/8292",0.5,2.95509622238061,6.13019041086274,1.27354971145835e-07,1.09525275185418e-05,8.74727564975339e-06,"5095/18/36/501/549/65985/11112/56922/26275/594/3157/3158/5096/4329/39/217/4594/5019/587/30/1892/64087/3033/3712",24,"Neuronal-associated prostate epithelial"
"Metabolism","Global and overview maps","hsa01212","Fatty acid metabolism","26/1403","57/8292",0.456140350877193,2.69587725550512,5.79768001861331,3.93007800605421e-07,2.7038936681653e-05,2.15947444122136e-05,"33/31/79993/2194/9415/79071/6319/3295/2180/36/2181/51102/84869/51/1374/51144/8310/60481/201562/39/51495/79966/30/37/1892/3033",26,"Neuronal-associated prostate epithelial"
"Cellular Processes","Cell motility","hsa04820","Cytoskeleton in muscle cells","60/474","232/8292",0.258620689655172,4.52422522915757,13.405558827002,2.34815081665338e-24,6.92704490912746e-22,5.14121441962002e-22,"72/4629/3679/482/10398/25802/7169/477/23500/171024/1756/2273/633/4811/1292/1291/1284/9260/1466/7168/1282/1281/1290/1465/8910/1289/3672/1278/6443/6383/64423/2275/27295/2335/1293/7414/7057/1277/9124/1287/3688/7094/64236/6641/7171/3693/2200/1837/23345/4627/2274/4000/7791/1634/7431/23353/79188/60/6711/3685",60,"Pericyte/smooth muscle"
"Cellular Processes","Cellular community - eukaryotes","hsa04510","Focal adhesion","52/474","200/8292",0.26,4.54835443037975,12.5071641376125,2.64588579855727e-21,3.90268155287197e-19,2.89654866368375e-19,"3679/10398/5228/4638/5159/858/857/1292/1291/1284/8395/1282/5154/3909/3910/3672/2316/1278/3913/2335/1293/4660/87/7414/3911/7057/1277/55742/3611/9564/1287/5747/5728/3915/3688/4659/7094/9475/3693/6093/81/7791/2013/10000/894/60/387/3685/7423/1956/7408/5602",52,"Pericyte/smooth muscle"
"Environmental Information Processing","Signaling molecules and interaction","hsa04518","Integrin signaling","40/474","153/8292",0.261437908496732,4.57350872838587,10.9849942453072,1.0845108123686e-16,1.06643563216246e-14,7.9150262797428e-15,"3679/5228/5159/1292/1291/1284/1282/5154/3909/3910/3672/2316/1278/3913/10979/2335/1293/87/7414/3911/7057/1277/55742/3611/1287/5747/3915/3688/7094/3693/2200/81/8440/10000/894/60/3685/7423/1956/3987",40,"Pericyte/smooth muscle"
"Environmental Information Processing","Signal transduction","hsa04022","cGMP-PKG signaling pathway","36/474","164/8292",0.219512195121951,3.8400740969435,9.04491610069431,1.25069686065627e-12,9.22388934734003e-11,6.84591965832908e-11,"5350/7225/482/10398/477/5592/4638/3779/1909/150/2983/775/8654/109/5139/2977/4208/493/2982/5332/4659/9475/6546/6093/2770/10000/64764/4209/3708/488/387/291/6722/293/7417/7408",36,"Pericyte/smooth muscle"
"Cellular Processes","Cell motility","hsa04810","Regulation of actin cytoskeleton","41/474","227/8292",0.180616740088106,3.15964980761724,8.12341934908735,2.69917954096758e-11,1.59251592917087e-09,1.18195651478159e-09,"4629/3679/10398/4638/5159/8395/5154/3672/2335/6237/4660/87/7414/2934/9564/1073/8874/5747/3688/55740/4659/55970/2260/10552/9475/3693/10152/6093/81/4627/10787/10092/10000/60/387/324/8976/3685/1956/4478/23191",41,"Pericyte/smooth muscle"
"Genetic Information Processing","Folding, sorting and degradation","hsa04141","Protein processing in endoplasmic reticulum","29/155","169/8292",0.171597633136095,9.17991983202901,14.8276157061938,2.1414618706426e-20,5.09667925212939e-18,4.91409145052723e-18,"91319/81567/6748/9451/9709/9871/7494/84447/51465/9695/10802/7184/4121/55829/6238/27248/6747/6400/2081/51726/10525/3998/29927/55741/10952/9601/10113/10970/23471",29,"Plasma cells"
"Genetic Information Processing","Folding, sorting and degradation","hsa03060","Protein export","7/155","31/8292",0.225806451612903,12.0799167533819,8.52978691204782,1.25630164236033e-06,0.00014949989544088,0.00014414408317608,"90701/60559/9789/29927/28972/58477/10952",7,"Plasma cells"
"Organismal Systems","Immune system","hsa04662","B cell receptor signaling pathway","9/155","81/8292",0.111111111111111,5.94408602150538,6.17117199117894,1.82708856175442e-05,0.00144949025899184,0.00139756247881566,"29760/973/27071/25780/5336/930/974/695/2213",9,"Plasma cells"
"Metabolism","Glycan biosynthesis and metabolism","hsa00532","Glycosaminoglycan biosynthesis - chondroitin sulfate / dermatan sulfate","4/155","21/8292",0.19047619047619,10.1898617511521,5.81938062372299,0.00054851444079289,0.0273850952358341,0.0264040281353907,"51363/79586/11285/54480",4,"Plasma cells"
"Human Diseases","Immune disease","hsa05340","Primary immunodeficiency","5/155","37/8292",0.135135135135135,7.22929380993897,5.24104980928022,0.000575317126803238,0.0273850952358341,0.0264040281353907,"23495/29760/973/930/695",5,"Plasma cells"
"Genetic Information Processing","Translation","hsa03010","Ribosome","96/1598","173/8292",0.554913294797688,2.87943744709789,12.2053053131727,1.04076738192572e-26,3.65309351055927e-24,3.02370313064735e-24,"28998/29088/6182/63875/200916/64979/6132/51649/51650/51253/64975/51116/6129/6183/64951/60488/51121/79590/64960/55168/6175/64949/11222/6173/6229/64976/6192/65993/28957/78988/64928/51021/55052/128308/6136/118487/6168/51258/51065/9553/6222/54460/6156/6130/6160/6159/6193/6138/51081/25873/6125/6209/4736/6194/6191/9349/6187/6218/6171/10399/6202/23521/11224/6167/6139/6122/6142/6154/9045/6234/6176/6128/6169/6223/64983/54998/6161/6201/6207/6165/6170/6141/6189/6147/6146/6208/6205/6152/6217/6143/6135/6157/6124/6155/3396/3921",96,"Prostate epithelial"
"Metabolism","Energy metabolism","hsa00190","Oxidative phosphorylation","75/1598","132/8292",0.568181818181818,2.94828763226761,11.0241204804877,6.05586015526593e-22,1.06280345724917e-19,8.79693369922841e-20,"4541/27068/155066/27089/4540/1345/528/516/4709/4717/4731/29796/9377/4710/1537/4707/4729/4702/4728/9551/4512/4715/4695/4726/9167/4509/4701/506/1349/9550/4712/6391/5464/518/7388/535/4535/4706/509/4716/1351/515/7381/1337/4539/522/10975/4519/517/10063/1340/4514/498/513/537/4538/4718/4537/4708/1329/10476/4508/4513/533/4694/126328/10632/51606/54539/1347/51382/1350/521/7384/4713",75,"Prostate epithelial"
"Human Diseases","Cancer: overview","hsa05208","Chemical carcinogenesis - reactive oxygen species","102/1598","219/8292",0.465753424657534,2.4167881084232,10.3814609631983,1.36472413174474e-20,1.59672723414135e-18,1.32162758021596e-18,"653689/2053/7422/4541/4257/27089/5587/4540/1345/196/1956/4217/516/4709/4258/4717/4731/873/2309/29796/572/9377/10327/4710/1537/3265/5602/4707/293/207/4729/4702/4728/4512/4715/4695/119391/4726/9167/4259/4509/4701/506/1349/291/4712/5580/9817/1836/6391/7416/518/7388/847/52/4535/4706/509/4716/1351/515/7381/1337/4539/522/10975/25/4519/517/1340/4514/498/5296/5603/513/4538/4718/4537/4708/1329/8503/10476/4508/4513/5795/5747/3725/4694/5879/6416/126328/2353/292/65010/54539/1347/1350/208/6647/7384/10000/4713",102,"Prostate epithelial"
"Organismal Systems","Environmental adaptation","hsa04714","Thermogenesis","99/1598","229/8292",0.432314410480349,2.24327352421969,9.32148462701952,3.2014974099677e-17,2.80931397724665e-15,2.32529811881864e-15,"4541/148327/2181/27089/4540/1345/51422/2180/51287/5563/4217/516/4709/90993/4717/4731/29796/9377/4710/1537/28958/3265/4707/4729/4702/4728/9551/4512/4715/4695/51241/4726/9167/4509/4701/506/1349/4712/6391/116228/518/7388/4535/4706/64223/509/4716/284184/10488/1351/515/7381/1337/51780/4539/522/10975/25915/493753/4519/517/388753/10063/1340/4514/498/5603/513/6194/71/4538/57521/4718/6196/4537/5562/4708/1329/10476/4508/4513/2778/4694/1376/126328/10632/55818/54539/6599/1347/1374/1350/521/64764/7384/7249/91942/6198/4713",99,"Prostate epithelial"
"Human Diseases","Neurodegenerative disease","hsa05012","Parkinson disease","108/1598","264/8292",0.409090909090909,2.12276709523268,9.05809662130646,1.38616265295167e-16,8.88378918476731e-15,7.35320382364906e-15,"4129/4128/4541/55630/25800/816/27089/57181/4540/7494/1345/3309/5693/3800/6622/4217/516/4709/5685/4717/4731/29796/9377/4710/1537/22926/7295/5602/4707/293/4729/7280/4702/4728/4512/4715/4695/808/4726/9167/4509/4701/506/1349/203068/291/4712/9817/6391/7416/518/7388/7922/4535/4706/10131/509/4716/4891/5683/25828/1351/515/7381/4137/1337/5714/4539/522/10975/10383/4519/517/7979/1340/4514/498/513/3710/11315/4538/4718/4537/4708/5689/1329/10476/4508/4513/55669/2778/4694/7326/3709/51465/126328/292/9451/54539/1347/817/1350/3708/6647/7384/805/5719/4713",108,"Prostate epithelial"
"Metabolism","Energy metabolism","hsa00190","Oxidative phosphorylation","12/110","132/8292",0.0909090909090909,6.85289256198347,7.85927528374929,1.49610181143857e-07,1.58606373895603e-05,1.28974003217677e-05,"4541/4512/4540/4535/4509/4519/4539/4514/4536/4537/4513/4538",12,"Secretory/progenitor-like epithelial"
"Human Diseases","Cancer: overview","hsa05208","Chemical carcinogenesis - reactive oxygen species","15/110","219/8292",0.0684931506849315,5.16313823163138,7.23928167556879,1.67714503605171e-07,1.58606373895603e-05,1.28974003217677e-05,"2938/4541/4512/4540/4535/3725/4509/4519/4539/4514/4536/2353/4537/4513/4538",15,"Secretory/progenitor-like epithelial"
"Human Diseases","Cardiovascular disease","hsa05418","Fluid shear stress and atherosclerosis","12/110","137/8292",0.0875912408759124,6.60278699402787,7.66694725095386,2.25506692742564e-07,1.58606373895603e-05,1.28974003217677e-05,"5327/445/2938/6385/2950/71/857/3725/8878/1843/60/2353",12,"Secretory/progenitor-like epithelial"
"Organismal Systems","Environmental adaptation","hsa04714","Thermogenesis","14/110","229/8292",0.0611353711790393,4.60849543469631,6.42045245144073,1.7647061961075e-06,9.0802853724641e-05,7.3838189858401e-05,"71/4541/4512/4540/4535/4509/4519/4539/60/4514/4536/4537/4513/4538",14,"Secretory/progenitor-like epithelial"
"Human Diseases","Cardiovascular disease","hsa05415","Diabetic cardiomyopathy","13/110","200/8292",0.065,4.89981818181818,6.47293853448789,2.15172639157917e-06,9.0802853724641e-05,7.3838189858401e-05,"5166/4541/4512/4540/4535/4509/4519/4539/4514/4536/4537/4513/4538",13,"Secretory/progenitor-like epithelial"
